System,System,Socket 0,Socket 0,Socket 0,Socket 0,Socket 0,Socket 0,Socket 0,Socket 0,Socket 0,Socket 0,Socket 0,Socket 0,Socket 0,Socket 0,Socket 0,Socket 0,Socket 0,Socket 0,Socket 0,Socket 0,Socket 0,SKT0 Core C-State,SKT0 Core C-State,SKT0 Core C-State,SKT0 Core C-State,SKT0 Core C-State,SKT0 Package C-State,SKT0 Package C-State,SKT0 Package C-State,SKT0 Package C-State,Proc Energy (Joules),Power Plane 0 Energy (Joules),Power Plane 1 Energy (Joules),
Date,Time,EXEC,IPC,FREQ,AFREQ,CFREQ,L3MISS,L2MISS,L3HIT,L2HIT,L3MPI,L2MPI,READ,WRITE,TEMP,INST,ACYC,TIME(ticks),PhysIPC,PhysIPC%,INSTnom,INSTnom%,C0res%,C1res%,C3res%,C6res%,C7res%,C0res%,C2res%,C4res%,C6res%,SKT0,SKT0,SKT0,
2026-07-30,06:36:07.977,0.02,1.65,0.01,0.40,1.57,7.16,0.81,0.75,0.83,0.0049,0.0005,0.75,0.30,69,1475.64,893.10,3885.21,1.65,13.77,0.02,0.16,2.85,10.05,0.00,53.58,33.52,100.00,0.00,0.00,0.00,7.80,1.42,0.08,
2026-07-30,06:36:08.978,0.01,1.43,0.01,0.33,1.27,7.05,0.76,0.76,0.80,0.0067,0.0007,0.76,0.29,68,1054.14,735.99,3880.25,1.43,11.94,0.01,0.11,2.91,7.87,0.00,55.17,34.06,100.00,0.00,0.00,0.00,7.48,1.10,0.09,
2026-07-30,06:36:09.978,0.01,1.23,0.01,0.27,1.04,4.89,0.62,0.78,0.65,0.0090,0.0011,0.59,0.24,69,545.32,441.76,3879.32,1.23,10.29,0.01,0.06,2.13,3.97,0.00,58.68,35.22,100.00,0.00,0.00,0.00,6.66,0.41,0.08,
2026-07-30,06:36:10.978,0.01,1.27,0.01,0.33,1.27,7.39,0.75,0.75,0.90,0.0073,0.0007,0.76,0.27,68,1009.96,796.97,3879.77,1.27,10.56,0.01,0.11,3.14,7.15,0.00,56.76,32.95,100.00,0.00,0.00,0.00,7.22,0.92,0.09,
2026-07-30,06:36:11.978,0.04,1.66,0.02,0.50,1.94,11.11,1.10,0.71,0.92,0.0036,0.0004,1.00,0.36,68,3070.12,1845.54,3877.27,1.66,13.86,0.04,0.33,4.78,15.48,0.00,46.48,33.26,100.00,0.00,0.00,0.00,10.07,3.64,0.09,
2026-07-30,06:36:12.978,0.01,1.33,0.01,0.28,1.09,5.24,0.40,0.78,0.86,0.0084,0.0006,0.62,0.24,70,624.97,468.36,3881.68,1.33,11.12,0.01,0.07,2.15,1.62,0.00,59.95,36.27,100.00,0.00,0.00,0.00,6.62,0.38,0.09,
2026-07-30,06:36:13.979,0.01,1.42,0.01,0.32,1.26,6.48,0.49,0.75,0.87,0.0072,0.0005,0.70,0.26,69,903.14,634.11,3881.62,1.42,11.87,0.01,0.10,2.52,3.67,0.00,56.35,37.46,100.00,0.00,0.00,0.00,6.92,0.63,0.09,
2026-07-30,06:36:14.979,0.01,1.36,0.01,0.30,1.19,6.85,0.61,0.76,0.86,0.0072,0.0006,0.73,0.27,69,950.64,699.12,3877.40,1.36,11.33,0.01,0.10,2.96,4.62,0.00,57.40,35.03,100.00,0.00,0.00,0.00,6.96,0.65,0.09,
2026-07-30,06:36:15.979,0.01,1.33,0.01,0.28,1.08,5.54,0.46,0.78,0.85,0.0084,0.0007,0.63,0.24,69,660.09,498.02,3875.98,1.33,11.05,0.01,0.07,2.31,2.04,0.00,60.82,34.83,100.00,0.00,0.00,0.00,6.63,0.40,0.08,
2026-07-30,06:36:16.979,0.02,1.75,0.01,0.41,1.61,8.82,0.64,0.70,0.92,0.0048,0.0003,0.85,0.27,69,1839.38,1052.87,3879.41,1.75,14.56,0.02,0.20,3.28,8.26,0.00,53.04,35.42,100.00,0.00,0.00,0.00,7.68,1.32,0.08,
2026-07-30,06:36:17.979,0.03,1.49,0.02,0.50,1.94,8.64,0.93,0.69,0.91,0.0041,0.0004,0.74,0.22,69,2100.75,1410.19,3879.73,1.49,12.41,0.03,0.23,3.65,12.90,0.00,49.24,34.20,100.00,0.00,0.00,0.00,8.49,2.28,0.03,
2026-07-30,06:36:18.980,0.01,1.55,0.00,0.33,1.30,1.99,0.37,0.84,0.64,0.0043,0.0008,0.29,0.04,69,459.20,296.65,3882.11,1.55,12.90,0.01,0.05,1.14,1.78,0.00,59.09,37.98,100.00,0.00,0.00,0.00,6.40,0.39,0.01,
2026-07-30,06:36:19.980,0.05,1.49,0.03,0.88,3.42,19.53,3.63,0.66,0.67,0.0050,0.0009,1.60,0.13,68,3926.18,2627.37,3877.47,1.49,12.45,0.05,0.42,3.87,1.31,0.00,59.12,35.70,100.00,0.00,0.00,0.00,10.82,4.65,0.01,
2026-07-30,06:36:20.979,0.01,1.56,0.01,0.39,1.51,2.94,0.42,0.80,0.85,0.0037,0.0005,0.35,0.06,69,796.14,509.89,3875.96,1.56,13.01,0.01,0.09,1.70,0.58,0.00,60.94,36.79,100.00,0.00,0.00,0.00,6.74,0.70,0.02,
2026-07-30,06:36:21.979,0.01,1.68,0.01,0.40,1.56,2.69,0.19,0.78,0.89,0.0041,0.0003,0.32,0.05,69,654.00,390.04,3877.44,1.68,13.97,0.01,0.07,1.25,1.55,0.00,58.27,38.93,100.00,0.00,0.00,0.00,6.61,0.59,0.01,
2026-07-30,06:36:22.980,0.01,1.73,0.01,0.46,1.81,2.27,0.19,0.77,0.92,0.0032,0.0003,0.30,0.04,69,700.56,405.47,3882.72,1.73,14.40,0.01,0.08,1.13,1.68,0.00,57.97,39.22,100.00,0.00,0.00,0.00,6.64,0.59,0.02,
2026-07-30,06:36:23.980,0.01,1.72,0.01,0.45,1.77,2.99,0.22,0.73,0.92,0.0037,0.0003,0.34,0.06,70,804.46,466.63,3877.02,1.72,14.37,0.01,0.09,1.33,0.99,0.00,58.63,39.06,100.00,0.00,0.00,0.00,6.71,0.67,0.02,
2026-07-30,06:36:24.980,0.00,1.48,0.00,0.33,1.29,1.52,0.16,0.83,0.83,0.0045,0.0005,0.24,0.03,69,336.01,227.08,3878.24,1.48,12.33,0.00,0.04,0.88,0.99,0.00,58.96,39.17,100.00,0.00,0.00,0.00,6.31,0.32,0.01,
2026-07-30,06:36:25.981,0.01,1.78,0.01,0.47,1.82,3.03,0.22,0.75,0.92,0.0035,0.0003,0.35,0.06,69,871.68,490.40,3881.71,1.78,14.81,0.01,0.09,1.35,1.06,0.00,58.33,39.26,100.00,0.00,0.00,0.00,6.77,0.71,0.01,
2026-07-30,06:36:26.981,0.01,1.80,0.01,0.48,1.89,2.44,0.20,0.77,0.92,0.0030,0.0002,0.31,0.05,70,825.95,458.25,3879.44,1.80,15.02,0.01,0.09,1.22,0.62,0.00,58.86,39.30,100.00,0.00,0.00,0.00,6.63,0.59,0.02,
2026-07-30,06:36:27.982,0.01,1.60,0.00,0.39,1.50,2.36,0.16,0.77,0.90,0.0050,0.0003,0.29,0.05,69,477.38,298.30,3881.66,1.60,13.34,0.01,0.05,1.00,0.35,0.00,59.29,39.37,100.00,0.00,0.00,0.00,6.42,0.42,0.01,
2026-07-30,06:36:28.982,0.01,1.93,0.01,0.44,1.70,3.06,0.23,0.74,0.92,0.0030,0.0002,0.34,0.07,69,1031.34,534.66,3878.08,1.93,16.07,0.01,0.11,1.58,0.86,0.00,58.51,39.05,100.00,0.00,0.00,0.00,6.75,0.72,0.02,
2026-07-30,06:36:29.981,0.00,1.48,0.00,0.32,1.27,1.64,0.15,0.79,0.82,0.0056,0.0005,0.26,0.04,69,292.13,198.03,3877.94,1.48,12.29,0.00,0.03,0.79,0.91,0.00,59.16,39.14,100.00,0.00,0.00,0.00,6.26,0.28,0.01,
2026-07-30,06:36:30.982,0.01,1.86,0.01,0.47,1.85,2.38,0.22,0.75,0.91,0.0030,0.0003,0.30,0.06,69,793.59,427.73,3881.37,1.86,15.46,0.01,0.09,1.16,1.74,0.00,58.16,38.94,100.00,0.00,0.00,0.00,6.67,0.60,0.02,
2026-07-30,06:36:31.999,0.06,1.84,0.03,0.87,3.37,12.97,1.49,0.65,0.91,0.0029,0.0003,1.01,0.36,52,4461.59,2428.76,3878.06,1.84,15.31,0.06,0.48,3.62,2.04,0.00,58.46,35.88,100.00,0.00,0.00,0.00,12.23,5.95,0.04,
2026-07-30,06:36:33.010,0.24,2.55,0.09,1.10,4.29,29.85,3.04,0.68,0.86,0.0016,0.0002,2.36,1.25,48,18359.97,7189.04,3880.07,2.55,21.28,0.24,1.97,8.42,10.23,0.00,52.34,29.01,100.00,0.00,0.00,0.00,28.89,22.06,0.03,
2026-07-30,06:36:33.983,0.37,2.68,0.14,1.15,4.48,34.10,7.62,0.75,0.91,0.0012,0.0003,2.77,1.55,43,28904.15,10769.67,3881.28,2.68,22.37,0.37,3.11,12.10,7.79,0.00,54.76,25.35,100.00,0.00,0.00,0.00,39.75,32.74,0.07,
2026-07-30,06:36:34.983,0.40,2.73,0.15,1.11,4.34,35.59,6.04,0.74,0.91,0.0011,0.0002,2.97,1.63,47,31200.43,11437.93,3877.63,2.73,22.73,0.40,3.35,13.27,11.04,0.00,53.92,21.77,100.00,0.00,0.00,0.00,41.35,34.31,0.10,
2026-07-30,06:36:35.984,0.28,2.30,0.12,0.99,3.88,58.44,8.56,0.64,0.82,0.0027,0.0004,5.97,4.39,66,21880.61,9504.43,3880.38,2.30,19.18,0.28,2.35,12.32,17.08,0.00,50.42,20.18,100.00,0.00,0.00,0.00,35.99,27.28,1.51,
2026-07-30,06:36:36.984,0.05,0.89,0.06,0.72,2.81,80.64,11.44,0.57,0.40,0.0204,0.0029,10.07,8.21,67,3953.50,4422.69,3880.04,0.89,7.45,0.05,0.42,7.92,29.73,0.00,45.08,17.27,100.00,0.00,0.00,0.00,21.79,10.64,3.57,
2026-07-30,06:36:37.985,0.06,1.04,0.06,0.69,2.70,82.99,11.95,0.57,0.41,0.0168,0.0024,10.20,8.31,67,4933.89,4732.89,3878.15,1.04,8.69,0.06,0.53,8.82,25.47,0.00,49.05,16.66,100.00,0.00,0.00,0.00,22.72,11.10,4.08,
2026-07-30,06:36:38.986,0.04,0.84,0.05,0.66,2.59,78.50,11.57,0.58,0.39,0.0226,0.0033,10.05,8.26,67,3466.34,4142.49,3880.15,0.84,6.97,0.04,0.37,8.05,20.20,0.00,55.99,15.76,100.00,0.00,0.00,0.00,21.47,9.79,4.12,
2026-07-30,06:36:39.986,0.07,1.12,0.06,0.66,2.56,81.48,11.95,0.58,0.45,0.0149,0.0022,10.27,8.37,64,5479.50,4887.59,3879.41,1.12,9.34,0.07,0.59,9.59,23.51,0.00,52.65,14.24,100.00,0.00,0.00,0.00,22.92,11.33,3.99,
2026-07-30,06:36:40.985,0.07,1.03,0.06,0.67,2.59,83.09,11.84,0.58,0.54,0.0160,0.0023,10.35,8.38,66,5178.65,5022.58,3878.39,1.03,8.59,0.07,0.56,9.74,25.80,0.00,50.35,14.12,100.00,0.00,0.00,0.00,22.95,11.29,4.09,
2026-07-30,06:36:41.986,0.06,0.99,0.06,0.66,2.59,83.47,11.78,0.57,0.47,0.0183,0.0026,10.19,8.32,63,4550.44,4611.88,3879.85,0.99,8.22,0.06,0.49,8.96,35.56,0.00,38.65,16.83,100.00,0.00,0.00,0.00,22.77,11.09,4.10,
2026-07-30,06:36:42.987,0.06,0.98,0.06,0.68,2.65,81.90,11.30,0.57,0.50,0.0187,0.0026,10.11,8.34,66,4384.77,4481.41,3881.56,0.98,8.15,0.06,0.47,8.49,29.15,0.00,45.64,16.71,100.00,0.00,0.00,0.00,21.85,10.40,3.84,
2026-07-30,06:36:43.987,0.05,0.88,0.05,0.66,2.59,79.73,11.10,0.57,0.49,0.0215,0.0030,9.96,8.25,63,3712.58,4202.98,3878.27,0.88,7.36,0.05,0.40,8.15,24.56,0.00,51.85,15.44,100.00,0.00,0.00,0.00,21.60,10.04,4.01,
2026-07-30,06:36:44.987,0.07,1.16,0.06,0.66,2.58,81.55,11.54,0.57,0.46,0.0142,0.0020,10.14,8.32,63,5732.77,4926.01,3883.38,1.16,9.70,0.07,0.62,9.57,22.68,0.00,51.89,15.86,100.00,0.00,0.00,0.00,23.02,11.39,4.07,
2026-07-30,06:36:45.987,0.10,1.10,0.09,0.82,3.20,98.78,14.40,0.55,0.56,0.0130,0.0019,11.32,8.35,65,7608.60,6911.24,3877.49,1.10,9.17,0.10,0.82,10.84,28.49,0.00,42.82,17.85,100.00,0.00,0.00,0.00,26.00,14.27,4.11,
2026-07-30,06:36:46.990,0.07,1.06,0.06,0.64,2.50,84.97,11.98,0.56,0.53,0.0165,0.0023,10.27,8.33,65,5151.69,4852.08,3881.56,1.06,8.85,0.07,0.55,9.75,31.34,0.00,44.32,14.59,100.00,0.00,0.00,0.00,23.26,11.42,4.26,
2026-07-30,06:36:47.988,0.06,0.95,0.06,0.67,2.61,82.28,11.66,0.58,0.55,0.0192,0.0027,10.11,8.26,60,4294.44,4531.15,3879.74,0.95,7.90,0.06,0.46,8.73,32.49,0.00,39.55,19.23,100.00,0.00,0.00,0.00,22.13,10.49,4.07,
2026-07-30,06:36:48.987,0.05,0.95,0.06,0.69,2.69,81.81,11.63,0.58,0.49,0.0194,0.0028,10.08,8.28,64,4215.71,4460.72,3875.00,0.95,7.88,0.05,0.45,8.33,30.56,0.00,43.48,17.63,100.00,0.00,0.00,0.00,22.01,10.37,4.07,
2026-07-30,06:36:49.989,0.04,0.81,0.05,0.65,2.54,81.58,11.58,0.58,0.38,0.0248,0.0035,10.06,8.27,63,3290.02,4040.71,3877.60,0.81,6.79,0.04,0.35,7.99,24.25,0.00,51.50,16.26,100.00,0.00,0.00,0.00,21.30,9.68,4.06,
2026-07-30,06:36:50.988,0.08,1.18,0.07,0.70,2.71,84.41,12.05,0.58,0.50,0.0137,0.0020,10.29,8.34,63,6176.88,5245.89,3877.22,1.18,9.81,0.08,0.66,9.72,27.32,0.00,48.85,14.11,100.00,0.00,0.00,0.00,22.97,11.93,3.46,
2026-07-30,06:36:51.988,0.06,0.99,0.06,0.66,2.59,83.21,11.59,0.57,0.51,0.0185,0.0026,10.18,8.32,62,4500.79,4560.14,3883.83,0.99,8.22,0.06,0.48,8.85,28.85,0.00,44.82,17.48,100.00,0.00,0.00,0.00,21.70,10.40,3.71,
2026-07-30,06:36:52.988,0.06,0.92,0.06,0.70,2.72,83.18,11.96,0.58,0.45,0.0191,0.0027,10.38,8.32,62,4354.16,4719.18,3877.27,0.92,7.69,0.06,0.47,8.72,27.26,0.00,45.84,18.17,100.00,0.00,0.00,0.00,22.35,10.78,4.00,
2026-07-30,06:36:53.989,0.06,0.95,0.06,0.71,2.75,81.56,11.73,0.57,0.48,0.0182,0.0026,10.22,8.31,65,4483.57,4698.99,3882.67,0.95,7.95,0.06,0.48,8.58,29.47,0.00,44.04,17.92,100.00,0.00,0.00,0.00,22.33,10.81,3.95,
2026-07-30,06:36:54.989,0.08,1.11,0.07,0.75,2.94,93.06,12.32,0.55,0.54,0.0147,0.0019,10.83,8.34,62,6327.54,5680.83,3877.90,1.11,9.28,0.08,0.68,9.71,26.59,0.00,46.04,17.66,100.00,0.00,0.00,0.00,23.41,11.70,4.13,
2026-07-30,06:36:55.988,0.09,1.22,0.07,0.68,2.64,88.61,12.73,0.57,0.46,0.0125,0.0018,10.74,8.44,65,7098.14,5801.47,3876.73,1.22,10.20,0.09,0.76,11.05,23.57,0.00,53.62,11.76,100.00,0.00,0.00,0.00,24.48,12.87,4.03,
2026-07-30,06:36:56.988,0.06,0.95,0.06,0.68,2.67,79.05,11.43,0.58,0.48,0.0182,0.0026,10.09,8.29,63,4338.71,4547.25,3877.59,0.95,7.95,0.06,0.47,8.57,22.09,0.00,51.86,17.47,100.00,0.00,0.00,0.00,21.83,10.30,3.99,
2026-07-30,06:36:57.990,0.04,0.82,0.05,0.71,2.77,78.83,11.56,0.58,0.38,0.0232,0.0034,10.06,8.29,66,3393.51,4151.19,3881.62,0.82,6.81,0.04,0.36,7.53,21.75,0.00,55.29,15.43,100.00,0.00,0.00,0.00,22.38,10.24,4.57,
2026-07-30,06:36:58.989,0.06,0.97,0.06,0.71,2.77,81.18,11.67,0.58,0.48,0.0190,0.0027,10.00,8.24,65,4272.65,4408.64,3878.08,0.97,8.08,0.06,0.46,8.00,25.30,0.00,47.93,18.77,100.00,0.00,0.00,0.00,22.09,10.26,4.28,
2026-07-30,06:36:59.989,0.06,0.98,0.06,0.71,2.78,81.09,11.72,0.59,0.49,0.0186,0.0027,9.98,8.23,66,4356.96,4440.22,3876.88,0.98,8.18,0.06,0.47,8.05,26.27,0.00,46.79,18.89,100.00,0.00,0.00,0.00,21.89,10.23,4.10,
2026-07-30,06:37:00.989,0.05,0.96,0.06,0.66,2.58,82.04,11.72,0.58,0.44,0.0193,0.0028,10.08,8.28,63,4249.26,4431.21,3879.31,0.96,7.99,0.05,0.46,8.63,25.12,0.00,49.32,16.93,100.00,0.00,0.00,0.00,21.49,10.33,3.60,
2026-07-30,06:37:01.989,0.08,1.19,0.07,0.76,2.97,84.63,11.90,0.57,0.50,0.0132,0.0019,10.24,8.34,65,6410.27,5367.37,3878.42,1.19,9.95,0.08,0.69,9.10,26.28,0.00,49.99,14.64,100.00,0.00,0.00,0.00,24.67,13.00,4.12,
2026-07-30,06:37:02.989,0.05,0.94,0.06,0.79,3.07,83.28,11.63,0.57,0.45,0.0197,0.0027,10.13,8.26,63,4232.62,4514.52,3881.38,0.94,7.81,0.05,0.45,7.38,23.16,0.00,50.17,19.29,100.00,0.00,0.00,0.00,23.41,11.41,4.43,
2026-07-30,06:37:03.990,0.04,0.83,0.05,0.69,2.69,81.11,11.48,0.58,0.43,0.0240,0.0034,9.96,8.24,65,3381.28,4068.15,3881.84,0.83,6.93,0.04,0.36,7.61,22.85,0.00,50.05,19.49,100.00,0.00,0.00,0.00,21.14,9.71,3.88,
2026-07-30,06:37:04.990,0.06,0.95,0.06,0.72,2.79,81.93,11.68,0.58,0.45,0.0191,0.0027,10.05,8.21,62,4281.97,4484.43,3876.94,0.95,7.96,0.06,0.46,8.07,23.74,0.00,47.94,20.25,100.00,0.00,0.00,0.00,21.79,10.58,3.43,
2026-07-30,06:37:05.990,0.07,1.05,0.06,0.70,2.75,86.28,12.34,0.58,0.48,0.0164,0.0023,10.38,8.34,63,5257.21,5012.73,3878.04,1.05,8.74,0.07,0.56,9.17,24.60,0.00,50.02,16.21,100.00,0.00,0.00,0.00,22.89,11.72,3.59,
2026-07-30,06:37:06.991,0.04,0.83,0.05,0.69,2.70,80.75,11.40,0.58,0.43,0.0238,0.0034,9.95,8.25,65,3388.29,4084.83,3881.20,0.83,6.91,0.04,0.36,7.60,23.88,0.00,47.27,21.26,100.00,0.00,0.00,0.00,20.73,9.76,3.42,
2026-07-30,06:37:07.991,0.06,0.98,0.06,0.69,2.71,82.14,11.61,0.58,0.46,0.0189,0.0027,10.10,8.25,65,4338.24,4442.33,3877.85,0.98,8.14,0.06,0.47,8.25,23.73,0.00,47.58,20.44,100.00,0.00,0.00,0.00,21.36,10.33,3.48,
2026-07-30,06:37:08.990,0.10,1.35,0.07,0.69,2.70,84.06,12.18,0.58,0.48,0.0111,0.0016,10.23,8.36,66,7591.33,5642.51,3876.78,1.35,11.21,0.10,0.82,10.49,29.68,0.00,44.15,15.68,100.00,0.00,0.00,0.00,24.21,13.19,3.45,
2026-07-30,06:37:09.990,0.05,0.85,0.05,0.68,2.64,83.08,11.53,0.58,0.45,0.0230,0.0032,10.11,8.28,66,3614.15,4260.31,3879.87,0.85,7.07,0.05,0.39,8.10,25.94,0.00,46.13,19.83,100.00,0.00,0.00,0.00,20.89,9.90,3.42,
2026-07-30,06:37:10.991,0.06,1.01,0.06,0.71,2.77,82.97,11.74,0.57,0.44,0.0180,0.0025,10.16,8.29,66,4612.81,4579.02,3876.96,1.01,8.39,0.06,0.50,8.31,24.66,0.00,47.06,19.97,100.00,0.00,0.00,0.00,21.80,10.97,3.27,
2026-07-30,06:37:11.992,0.05,0.89,0.06,0.69,2.70,82.98,11.63,0.58,0.53,0.0210,0.0029,10.16,8.32,66,3959.56,4462.87,3877.50,0.89,7.39,0.05,0.43,8.32,41.75,0.00,30.38,19.55,100.00,0.00,0.00,0.00,21.65,10.64,3.41,
2026-07-30,06:37:12.990,0.06,0.96,0.06,0.72,2.79,81.06,11.73,0.58,0.45,0.0188,0.0027,10.01,8.24,66,4309.70,4478.60,3878.06,0.96,8.02,0.06,0.46,8.07,29.05,0.00,42.63,20.25,100.00,0.00,0.00,0.00,21.65,10.69,3.39,
2026-07-30,06:37:13.990,0.06,0.96,0.06,0.72,2.79,82.72,11.82,0.58,0.45,0.0191,0.0027,10.22,8.34,67,4331.69,4526.89,3882.13,0.96,7.97,0.06,0.46,8.15,25.61,0.00,49.01,17.23,100.00,0.00,0.00,0.00,21.68,10.70,3.43,
2026-07-30,06:37:14.990,0.04,0.82,0.05,0.71,2.75,79.81,11.52,0.58,0.42,0.0237,0.0034,9.99,8.21,67,3371.27,4112.98,3877.15,0.82,6.83,0.04,0.36,7.52,27.13,0.00,45.27,20.08,100.00,0.00,0.00,0.00,21.08,10.14,3.39,
2026-07-30,06:37:15.990,0.06,0.98,0.06,0.71,2.77,81.04,11.72,0.58,0.43,0.0184,0.0027,10.09,8.28,66,4399.13,4480.67,3878.02,0.98,8.18,0.06,0.47,8.13,29.15,0.00,42.12,20.60,100.00,0.00,0.00,0.00,21.82,10.86,3.39,
2026-07-30,06:37:16.991,0.09,1.26,0.07,0.70,2.72,84.23,12.03,0.57,0.54,0.0121,0.0017,10.38,8.37,56,6955.18,5503.65,3879.86,1.26,10.53,0.09,0.75,10.18,34.87,0.00,36.14,18.81,100.00,0.00,0.00,0.00,23.74,12.70,3.46,
2026-07-30,06:37:17.992,0.06,1.00,0.06,0.67,2.60,84.53,11.79,0.58,0.53,0.0174,0.0024,10.32,8.28,67,4858.08,4860.64,3882.26,1.00,8.33,0.06,0.52,9.37,29.80,0.00,46.94,13.89,100.00,0.00,0.00,0.00,22.46,11.44,3.42,
2026-07-30,06:37:18.992,0.06,0.98,0.06,0.70,2.71,82.34,11.73,0.58,0.47,0.0184,0.0026,10.20,8.24,67,4484.20,4594.55,3878.83,0.98,8.13,0.06,0.48,8.51,27.26,0.00,44.56,19.67,100.00,0.00,0.00,0.00,21.73,10.73,3.42,
2026-07-30,06:37:19.993,0.06,0.98,0.06,0.72,2.80,81.76,11.72,0.58,0.47,0.0184,0.0026,10.17,8.30,67,4448.19,4541.47,3881.46,0.98,8.16,0.06,0.48,8.14,29.30,0.00,42.36,20.20,100.00,0.00,0.00,0.00,21.75,10.78,3.40,
2026-07-30,06:37:20.993,0.04,0.82,0.05,0.70,2.73,80.59,11.50,0.58,0.43,0.0240,0.0034,10.13,8.31,67,3362.64,4078.64,3878.71,0.82,6.87,0.04,0.36,7.52,28.19,0.00,43.45,20.84,100.00,0.00,0.00,0.00,20.72,9.61,3.53,
2026-07-30,06:37:21.993,0.06,1.01,0.06,0.71,2.77,79.94,11.47,0.58,0.46,0.0176,0.0025,9.93,8.11,66,4535.93,4490.07,3877.80,1.01,8.42,0.06,0.49,8.16,31.94,0.00,40.67,19.22,100.00,0.00,0.00,0.00,21.86,10.86,3.43,
2026-07-30,06:37:22.993,0.06,0.97,0.06,0.73,2.85,80.08,11.52,0.58,0.46,0.0186,0.0027,10.01,8.16,65,4313.16,4462.40,3879.45,0.97,8.05,0.06,0.46,7.88,25.84,0.00,47.16,19.12,100.00,0.00,0.00,0.00,21.73,10.72,3.46,
2026-07-30,06:37:23.993,0.05,0.86,0.06,0.72,2.79,82.98,11.49,0.58,0.48,0.0214,0.0030,10.31,8.33,61,3879.07,4490.32,3875.78,0.86,7.20,0.05,0.42,8.08,25.57,0.00,46.01,20.34,100.00,0.00,0.00,0.00,21.42,10.24,3.61,
2026-07-30,06:37:24.994,0.12,1.44,0.09,0.74,2.87,90.64,12.55,0.56,0.49,0.0095,0.0013,10.74,8.47,67,9540.61,6602.90,3879.97,1.44,12.04,0.12,1.02,11.56,38.51,0.00,34.36,15.56,100.00,0.00,0.00,0.00,26.02,14.78,3.58,
2026-07-30,06:37:25.993,0.05,0.84,0.05,0.71,2.77,79.64,11.28,0.57,0.44,0.0228,0.0032,10.00,8.21,60,3500.00,4149.72,3881.49,0.84,7.03,0.05,0.38,7.52,27.65,0.00,46.15,18.68,100.00,0.00,0.00,0.00,21.16,10.00,3.61,
2026-07-30,06:37:26.994,0.06,0.99,0.06,0.72,2.79,80.40,11.50,0.58,0.47,0.0178,0.0026,10.00,8.15,66,4510.66,4542.80,3878.10,0.99,8.27,0.06,0.48,8.19,27.34,0.00,45.17,19.30,100.00,0.00,0.00,0.00,21.98,10.84,3.59,
2026-07-30,06:37:27.994,0.06,0.99,0.06,0.69,2.71,83.61,11.62,0.58,0.47,0.0184,0.0026,10.25,8.29,62,4538.18,4570.29,3880.97,0.99,8.27,0.06,0.49,8.48,29.29,0.00,41.95,20.28,100.00,0.00,0.00,0.00,22.11,10.95,3.57,
2026-07-30,06:37:28.995,0.05,0.92,0.06,0.69,2.69,83.06,11.45,0.58,0.45,0.0207,0.0028,10.24,8.29,61,4019.56,4372.81,3877.92,0.92,7.66,0.05,0.43,8.18,31.68,0.00,40.33,19.80,100.00,0.00,0.00,0.00,21.35,10.15,3.63,
2026-07-30,06:37:29.995,0.06,1.02,0.06,0.72,2.82,82.58,11.71,0.57,0.46,0.0175,0.0025,10.25,8.31,65,4717.62,4626.31,3878.20,1.02,8.50,0.06,0.51,8.26,31.99,0.00,39.90,19.84,100.00,0.00,0.00,0.00,22.12,10.89,3.66,
2026-07-30,06:37:30.994,0.06,0.98,0.06,0.68,2.67,82.65,11.56,0.58,0.48,0.0184,0.0026,10.22,8.30,66,4483.65,4557.28,3878.84,0.98,8.20,0.06,0.48,8.60,23.44,0.00,51.21,16.75,100.00,0.00,0.00,0.00,21.86,10.57,3.71,
2026-07-30,06:37:31.994,0.05,0.84,0.05,0.69,2.70,82.35,11.45,0.58,0.44,0.0232,0.0032,10.21,8.30,65,3555.98,4231.46,3878.38,0.84,7.00,0.05,0.38,7.86,23.49,0.00,48.94,19.71,100.00,0.00,0.00,0.00,21.03,9.97,3.49,
2026-07-30,06:37:32.997,0.06,0.98,0.06,0.72,2.83,81.88,11.53,0.58,0.46,0.0187,0.0026,10.15,8.26,67,4377.24,4467.06,3881.65,0.98,8.17,0.06,0.47,7.94,25.24,0.00,45.85,20.97,100.00,0.00,0.00,0.00,21.67,10.52,3.59,
2026-07-30,06:37:33.997,0.06,0.98,0.06,0.72,2.81,79.79,11.45,0.58,0.46,0.0184,0.0026,9.95,8.16,63,4341.53,4426.20,3881.19,0.98,8.17,0.06,0.47,7.93,26.10,0.00,46.04,19.93,100.00,0.00,0.00,0.00,21.63,10.51,3.56,
2026-07-30,06:37:34.996,0.10,1.42,0.07,0.62,2.40,84.15,12.04,0.58,0.46,0.0105,0.0015,10.23,8.29,60,7987.65,5607.92,3879.64,1.42,11.87,0.10,0.86,11.75,24.74,0.00,49.36,14.15,100.00,0.00,0.00,0.00,24.25,13.03,3.66,
2026-07-30,06:37:35.996,0.06,0.99,0.06,0.70,2.73,82.17,11.73,0.57,0.46,0.0186,0.0027,10.17,8.29,62,4409.68,4460.45,3880.43,0.99,8.24,0.06,0.47,8.20,29.35,0.00,42.99,19.47,100.00,0.00,0.00,0.00,22.19,10.78,3.85,
2026-07-30,06:37:36.998,0.06,0.96,0.06,0.71,2.76,83.02,11.69,0.57,0.45,0.0192,0.0027,10.21,8.35,65,4323.44,4480.48,3882.55,0.96,8.04,0.06,0.46,8.17,26.87,0.00,43.44,21.52,100.00,0.00,0.00,0.00,22.10,10.82,3.68,
2026-07-30,06:37:37.997,0.04,0.84,0.05,0.68,2.65,80.65,11.30,0.57,0.43,0.0240,0.0034,10.01,8.26,61,3353.96,4005.86,3876.98,0.84,6.98,0.04,0.36,7.60,27.59,0.00,43.49,21.32,100.00,0.00,0.00,0.00,21.30,9.69,4.06,
2026-07-30,06:37:38.998,0.06,0.98,0.06,0.71,2.78,80.86,11.36,0.58,0.47,0.0186,0.0026,10.01,8.20,62,4339.63,4448.03,3882.33,0.98,8.13,0.06,0.47,8.03,28.18,0.00,43.45,20.35,100.00,0.00,0.00,0.00,22.08,10.73,3.80,
2026-07-30,06:37:39.999,0.05,0.87,0.05,0.70,2.71,81.31,11.27,0.57,0.44,0.0225,0.0031,10.05,8.21,54,3606.95,4158.06,3877.68,0.87,7.23,0.05,0.39,7.70,31.10,0.00,39.27,21.92,100.00,0.00,0.00,0.00,21.30,9.96,3.76,
2026-07-30,06:37:40.998,0.06,0.98,0.06,0.68,2.66,80.99,11.25,0.58,0.48,0.0188,0.0026,10.04,8.22,63,4303.18,4396.36,3878.34,0.98,8.16,0.06,0.46,8.31,26.03,0.00,46.28,19.39,100.00,0.00,0.00,0.00,21.77,10.42,3.80,
2026-07-30,06:37:41.998,0.07,1.06,0.07,0.70,2.72,87.46,11.90,0.56,0.51,0.0164,0.0022,10.46,8.40,61,5332.98,5041.41,3878.47,1.06,8.82,0.07,0.57,9.30,34.94,0.00,37.99,17.76,100.00,0.00,0.00,0.00,23.36,11.98,3.80,
2026-07-30,06:37:42.998,0.05,0.86,0.05,0.66,2.58,83.71,11.33,0.57,0.45,0.0234,0.0032,10.17,8.31,66,3582.72,4189.90,3877.11,0.86,7.13,0.05,0.38,8.18,27.59,0.00,42.27,21.96,100.00,0.00,0.00,0.00,21.36,9.80,3.99,
2026-07-30,06:37:43.998,0.06,1.00,0.06,0.70,2.73,82.70,11.45,0.57,0.47,0.0184,0.0025,10.12,8.24,65,4499.19,4497.18,3876.83,1.00,8.34,0.06,0.48,8.30,28.89,0.00,41.50,21.31,100.00,0.00,0.00,0.00,22.44,10.85,4.03,
2026-07-30,06:37:44.997,0.06,0.99,0.06,0.70,2.71,84.40,11.72,0.57,0.46,0.0188,0.0026,10.26,8.33,66,4499.27,4556.47,3876.17,0.99,8.23,0.06,0.48,8.45,26.43,0.00,44.89,20.23,100.00,0.00,0.00,0.00,22.58,10.90,4.12,
2026-07-30,06:37:45.998,0.05,0.84,0.05,0.66,2.57,82.47,11.47,0.57,0.44,0.0234,0.0033,10.07,8.26,65,3520.55,4169.48,3880.29,0.84,7.04,0.05,0.38,8.15,29.64,0.00,42.78,19.43,100.00,0.00,0.00,0.00,21.42,9.88,3.94,
2026-07-30,06:37:46.997,0.06,0.98,0.06,0.67,2.60,83.23,11.62,0.57,0.53,0.0185,0.0026,10.12,8.20,63,4499.28,4586.76,3878.12,0.98,8.17,0.06,0.48,8.86,31.27,0.00,40.70,19.17,100.00,0.00,0.00,0.00,22.17,10.86,3.76,
2026-07-30,06:37:47.996,0.13,1.53,0.08,0.66,2.58,87.12,12.51,0.57,0.51,0.0089,0.0013,10.40,8.36,61,9838.20,6427.98,3876.01,1.53,12.75,0.13,1.06,12.55,31.69,0.00,40.20,15.56,100.00,0.00,0.00,0.00,26.09,14.50,4.01,
2026-07-30,06:37:48.996,0.04,0.84,0.05,0.69,2.67,81.63,11.41,0.57,0.44,0.0235,0.0033,10.02,8.23,61,3474.78,4151.85,3877.78,0.84,6.97,0.04,0.37,7.81,24.90,0.00,46.31,20.98,100.00,0.00,0.00,0.00,20.99,9.78,3.62,
2026-07-30,06:37:49.997,0.06,0.99,0.06,0.71,2.75,84.08,11.76,0.57,0.46,0.0185,0.0026,10.26,8.34,63,4556.81,4624.29,3881.64,0.99,8.21,0.06,0.49,8.44,27.05,0.00,46.06,18.45,100.00,0.00,0.00,0.00,22.61,11.03,4.02,
2026-07-30,06:37:50.997,0.06,0.98,0.06,0.70,2.72,80.99,11.65,0.57,0.45,0.0186,0.0027,10.02,8.24,65,4363.48,4442.77,3877.93,0.98,8.18,0.06,0.47,8.20,28.12,0.00,43.18,20.50,100.00,0.00,0.00,0.00,21.77,10.56,3.65,
2026-07-30,06:37:51.997,0.04,0.83,0.05,0.67,2.61,80.82,11.48,0.57,0.42,0.0239,0.0034,10.00,8.29,65,3387.39,4090.53,3878.53,0.83,6.90,0.04,0.36,7.87,28.72,0.00,44.04,19.36,100.00,0.00,0.00,0.00,21.20,9.75,3.86,
2026-07-30,06:37:52.998,0.06,0.98,0.06,0.70,2.72,81.03,11.75,0.57,0.45,0.0187,0.0027,10.03,8.29,65,4341.84,4440.33,3881.89,0.98,8.15,0.06,0.47,8.20,29.54,0.00,42.33,19.94,100.00,0.00,0.00,0.00,22.15,10.55,4.03,
2026-07-30,06:37:53.998,0.05,0.91,0.06,0.70,2.72,81.33,11.62,0.57,0.43,0.0207,0.0030,10.04,8.28,51,3934.67,4303.33,3876.76,0.91,7.62,0.05,0.42,7.97,26.55,0.00,45.46,20.02,100.00,0.00,0.00,0.00,21.71,10.22,3.94,
2026-07-30,06:37:54.997,0.05,0.90,0.05,0.69,2.70,80.21,11.63,0.58,0.44,0.0212,0.0031,9.95,8.27,66,3775.74,4193.39,3878.93,0.90,7.50,0.05,0.41,7.81,31.12,0.00,40.33,20.74,100.00,0.00,0.00,0.00,21.70,10.19,3.93,
2026-07-30,06:37:55.998,0.06,0.98,0.06,0.70,2.72,81.66,11.73,0.57,0.45,0.0187,0.0027,10.09,8.30,66,4363.75,4455.30,3881.53,0.98,8.16,0.06,0.47,8.21,29.19,0.00,43.84,18.75,100.00,0.00,0.00,0.00,22.61,10.88,4.16,
2026-07-30,06:37:56.998,0.04,0.83,0.05,0.69,2.69,80.74,11.41,0.57,0.43,0.0239,0.0034,10.00,8.26,66,3377.92,4050.44,3877.41,0.83,6.95,0.04,0.36,7.57,30.73,0.00,41.55,20.15,100.00,0.00,0.00,0.00,21.65,9.96,4.13,
2026-07-30,06:37:57.998,0.06,0.99,0.06,0.71,2.76,80.37,11.70,0.57,0.45,0.0184,0.0027,9.93,8.20,66,4357.79,4420.80,3877.47,0.99,8.21,0.06,0.47,8.05,30.92,0.00,40.93,20.09,100.00,0.00,0.00,0.00,22.22,10.59,4.04,
2026-07-30,06:37:58.997,0.05,0.97,0.06,0.70,2.72,81.26,11.60,0.58,0.44,0.0191,0.0027,10.06,8.24,66,4265.12,4403.45,3877.24,0.97,8.07,0.05,0.46,8.14,31.63,0.00,39.72,20.50,100.00,0.00,0.00,0.00,21.99,10.51,3.94,
2026-07-30,06:37:59.999,0.11,1.46,0.08,0.65,2.52,85.22,12.15,0.58,0.43,0.0097,0.0014,10.34,8.43,63,8755.83,6004.54,3881.86,1.46,12.15,0.11,0.94,11.98,30.15,0.00,41.55,16.33,100.00,0.00,0.00,0.00,25.39,13.99,3.81,
2026-07-30,06:38:00.998,0.05,0.97,0.06,0.70,2.74,80.85,11.33,0.57,0.45,0.0190,0.0027,10.01,8.26,67,4265.72,4406.03,3878.09,0.97,8.07,0.05,0.46,8.09,27.90,0.00,41.55,22.46,100.00,0.00,0.00,0.00,22.08,10.59,3.93,
2026-07-30,06:38:01.998,0.06,0.99,0.06,0.68,2.67,80.82,11.28,0.57,0.47,0.0187,0.0026,10.07,8.29,66,4332.97,4398.29,3878.08,0.99,8.21,0.06,0.47,8.29,28.88,0.00,41.87,20.96,100.00,0.00,0.00,0.00,22.05,10.50,4.01,
2026-07-30,06:38:02.999,0.04,0.84,0.05,0.65,2.52,81.63,11.29,0.57,0.46,0.0234,0.0032,10.12,8.32,67,3491.80,4144.92,3882.63,0.84,7.02,0.04,0.37,8.25,27.58,0.00,47.64,16.53,100.00,0.00,0.00,0.00,21.43,9.86,4.03,
2026-07-30,06:38:04.000,0.06,0.97,0.06,0.69,2.67,81.43,11.73,0.58,0.45,0.0187,0.0027,10.07,8.27,67,4343.82,4485.80,3877.73,0.97,8.07,0.06,0.47,8.44,21.97,0.00,54.61,14.98,100.00,0.00,0.00,0.00,22.19,10.62,4.02,
2026-07-30,06:38:05.000,0.06,0.97,0.06,0.69,2.71,81.75,11.71,0.58,0.45,0.0189,0.0027,10.15,8.31,66,4335.30,4478.02,3881.28,0.97,8.07,0.06,0.47,8.30,25.94,0.00,48.06,17.70,100.00,0.00,0.00,0.00,21.62,10.44,3.62,
2026-07-30,06:38:06.001,0.04,0.83,0.05,0.66,2.59,79.07,11.36,0.58,0.42,0.0235,0.0034,9.90,8.20,61,3359.51,4037.96,3878.96,0.83,6.93,0.04,0.36,7.85,25.27,0.00,50.69,16.19,100.00,0.00,0.00,0.00,21.13,9.71,3.89,
2026-07-30,06:38:07.000,0.06,0.98,0.06,0.70,2.74,81.06,11.76,0.58,0.45,0.0187,0.0027,10.05,8.26,67,4340.26,4439.05,3876.01,0.98,8.15,0.06,0.47,8.14,30.49,0.00,43.29,18.08,100.00,0.00,0.00,0.00,21.94,10.52,3.84,
2026-07-30,06:38:08.000,0.06,1.02,0.06,0.73,2.84,82.04,11.79,0.57,0.44,0.0176,0.0025,10.13,8.29,64,4648.74,4571.76,3877.99,1.02,8.47,0.06,0.50,8.10,27.76,0.00,44.91,19.22,100.00,0.00,0.00,0.00,22.49,11.08,3.87,
2026-07-30,06:38:08.999,0.04,0.83,0.05,0.68,2.64,81.23,11.56,0.58,0.42,0.0240,0.0034,10.06,8.27,65,3379.14,4068.42,3879.48,0.83,6.92,0.04,0.36,7.76,24.46,0.00,50.02,17.76,100.00,0.00,0.00,0.00,21.28,9.79,3.95,
2026-07-30,06:38:09.999,0.06,1.01,0.06,0.72,2.80,82.35,11.77,0.57,0.42,0.0180,0.0026,10.10,8.24,67,4568.99,4514.33,3876.21,1.01,8.43,0.06,0.49,8.10,24.72,0.00,47.02,20.16,100.00,0.00,0.00,0.00,22.42,10.83,4.04,
2026-07-30,06:38:10.999,0.04,0.82,0.05,0.69,2.68,80.73,11.50,0.58,0.42,0.0239,0.0034,10.00,8.24,65,3378.72,4111.27,3879.05,0.82,6.85,0.04,0.36,7.70,27.10,0.00,45.69,19.52,100.00,0.00,0.00,0.00,21.10,9.79,3.78,
2026-07-30,06:38:12.001,0.15,1.60,0.09,0.68,2.64,91.30,13.03,0.57,0.55,0.0079,0.0011,10.68,8.48,63,11502.71,7197.70,3881.76,1.60,13.32,0.15,1.23,13.71,30.36,0.00,44.42,11.51,100.00,0.00,0.00,0.00,28.00,16.63,3.79,
2026-07-30,06:38:13.001,0.06,1.01,0.06,0.70,2.75,82.43,11.74,0.58,0.43,0.0183,0.0026,10.10,8.26,67,4502.74,4459.27,3877.49,1.01,8.41,0.06,0.48,8.16,25.64,0.00,46.01,20.20,100.00,0.00,0.00,0.00,22.32,10.78,3.97,
2026-07-30,06:38:14.001,0.04,0.83,0.05,0.68,2.64,81.24,11.42,0.58,0.43,0.0241,0.0034,10.03,8.29,62,3373.96,4070.07,3878.13,0.83,6.91,0.04,0.36,7.75,24.96,0.00,48.81,18.48,100.00,0.00,0.00,0.00,21.16,9.66,3.94,
2026-07-30,06:38:15.000,0.06,1.00,0.06,0.71,2.76,81.85,11.77,0.58,0.42,0.0183,0.0026,10.05,8.24,66,4465.79,4451.68,3878.79,1.00,8.36,0.06,0.48,8.12,25.18,0.00,46.79,19.92,100.00,0.00,0.00,0.00,22.57,10.85,4.18,
2026-07-30,06:38:16.000,0.06,1.01,0.06,0.70,2.74,82.94,11.71,0.57,0.43,0.0183,0.0026,10.12,8.28,63,4524.50,4482.31,3878.79,1.01,8.41,0.06,0.49,8.23,31.30,0.00,41.15,19.32,100.00,0.00,0.00,0.00,22.40,10.82,4.02,
2026-07-30,06:38:17.000,0.05,0.84,0.05,0.67,2.60,82.56,11.67,0.58,0.50,0.0233,0.0033,10.09,8.26,66,3540.31,4214.62,3876.86,0.84,7.00,0.05,0.38,8.16,31.84,0.00,43.31,16.69,100.00,0.00,0.00,0.00,21.96,10.33,4.08,
2026-07-30,06:38:18.000,0.06,0.98,0.06,0.72,2.82,83.74,11.74,0.57,0.51,0.0183,0.0026,10.19,8.30,65,4564.31,4676.15,3878.71,0.98,8.13,0.06,0.49,8.33,33.66,0.00,42.31,15.70,100.00,0.00,0.00,0.00,23.27,11.78,3.93,
2026-07-30,06:38:19.003,0.06,0.99,0.06,0.74,2.88,82.01,11.72,0.57,0.42,0.0184,0.0026,10.07,8.26,65,4459.95,4498.08,3878.72,0.99,8.26,0.06,0.48,7.84,25.60,0.00,47.73,18.83,100.00,0.00,0.00,0.00,22.97,11.38,4.02,
2026-07-30,06:38:20.000,0.04,0.82,0.05,0.69,2.69,81.28,11.60,0.59,0.42,0.0241,0.0034,10.01,8.24,65,3367.84,4108.11,3879.55,0.82,6.83,0.04,0.36,7.67,23.64,0.00,49.73,18.96,100.00,0.00,0.00,0.00,21.54,9.90,4.09,
2026-07-30,06:38:21.002,0.06,0.98,0.06,0.75,2.91,82.33,11.72,0.58,0.42,0.0185,0.0026,10.04,8.21,62,4455.05,4550.00,3881.48,0.98,8.16,0.06,0.48,7.86,25.90,0.00,50.03,16.20,100.00,0.00,0.00,0.00,23.08,11.48,4.05,
2026-07-30,06:38:22.003,0.06,1.01,0.06,0.71,2.78,81.48,11.70,0.58,0.42,0.0176,0.0025,10.01,8.22,66,4626.70,4559.54,3879.21,1.01,8.46,0.06,0.50,8.26,21.97,0.00,49.72,20.05,100.00,0.00,0.00,0.00,21.76,10.72,3.49,
2026-07-30,06:38:23.001,0.04,0.82,0.05,0.70,2.71,80.96,11.55,0.58,0.42,0.0241,0.0034,10.00,8.28,61,3361.95,4075.33,3880.74,0.82,6.87,0.04,0.36,7.56,27.72,0.00,43.97,20.75,100.00,0.00,0.00,0.00,21.22,9.77,3.89,
2026-07-30,06:38:24.003,0.07,1.09,0.06,0.69,2.67,82.25,11.82,0.58,0.43,0.0160,0.0023,10.08,8.27,62,5133.22,4699.32,3881.08,1.09,9.10,0.07,0.55,8.83,26.66,0.00,45.14,19.36,100.00,0.00,0.00,0.00,22.36,11.26,3.54,
2026-07-30,06:38:25.004,0.11,1.46,0.08,0.63,2.44,85.49,12.43,0.58,0.46,0.0099,0.0014,10.25,8.34,63,8623.12,5898.43,3879.99,1.46,12.18,0.11,0.93,12.14,27.40,0.00,49.07,11.39,100.00,0.00,0.00,0.00,25.57,14.07,3.93,
2026-07-30,06:38:26.004,0.06,0.98,0.06,0.70,2.72,83.39,11.84,0.58,0.47,0.0186,0.0026,10.15,8.26,62,4494.72,4565.87,3877.98,0.98,8.20,0.06,0.48,8.44,25.08,0.00,49.04,17.44,100.00,0.00,0.00,0.00,22.42,10.79,4.08,
2026-07-30,06:38:27.004,0.06,0.99,0.06,0.70,2.71,84.25,11.77,0.57,0.46,0.0183,0.0026,10.23,8.29,63,4596.60,4635.14,3878.79,0.99,8.26,0.06,0.49,8.60,26.64,0.00,45.22,19.55,100.00,0.00,0.00,0.00,22.06,10.91,3.57,
2026-07-30,06:38:28.004,0.04,0.82,0.05,0.69,2.71,80.80,11.60,0.58,0.42,0.0239,0.0034,9.94,8.21,64,3386.55,4127.52,3878.48,0.82,6.84,0.04,0.36,7.67,25.50,0.00,46.31,20.52,100.00,0.00,0.00,0.00,20.92,9.87,3.48,
2026-07-30,06:38:29.004,0.10,1.12,0.09,0.85,3.32,97.56,14.70,0.57,0.50,0.0126,0.0019,11.37,8.32,62,7763.34,6919.27,3878.58,1.12,9.35,0.10,0.83,10.49,24.98,0.00,44.91,19.62,100.00,0.00,0.00,0.00,26.16,15.12,3.43,
2026-07-30,06:38:30.004,0.06,0.98,0.06,0.70,2.75,80.15,11.41,0.58,0.47,0.0184,0.0026,9.97,8.23,63,4348.37,4453.75,3880.21,0.98,8.14,0.06,0.47,8.14,23.48,0.00,49.37,19.00,100.00,0.00,0.00,0.00,21.38,10.39,3.43,
2026-07-30,06:38:31.004,0.06,0.96,0.06,0.69,2.68,81.68,11.27,0.58,0.48,0.0190,0.0026,10.04,8.26,63,4298.47,4480.27,3879.28,0.96,8.00,0.06,0.46,8.42,23.06,0.00,49.86,18.66,100.00,0.00,0.00,0.00,21.09,10.03,3.49,
2026-07-30,06:38:32.004,0.06,0.97,0.06,0.69,2.68,80.64,11.38,0.58,0.47,0.0186,0.0026,10.05,8.26,63,4326.11,4460.73,3876.41,0.97,8.08,0.06,0.47,8.38,19.90,0.00,52.54,19.18,100.00,0.00,0.00,0.00,21.14,10.14,3.45,
2026-07-30,06:38:33.004,0.06,0.97,0.06,0.71,2.79,81.59,11.72,0.58,0.45,0.0188,0.0027,10.09,8.27,65,4329.33,4452.94,3876.96,0.97,8.10,0.06,0.47,8.04,23.07,0.00,48.10,20.80,100.00,0.00,0.00,0.00,21.27,10.29,3.44,
2026-07-30,06:38:34.004,0.04,0.82,0.05,0.71,2.77,80.21,11.43,0.58,0.43,0.0239,0.0034,9.96,8.26,62,3357.23,4072.06,3878.29,0.82,6.87,0.04,0.36,7.38,28.39,0.00,43.02,21.21,100.00,0.00,0.00,0.00,20.74,9.80,3.36,
2026-07-30,06:38:35.004,0.06,0.96,0.06,0.71,2.79,81.93,11.74,0.58,0.45,0.0190,0.0027,10.15,8.28,61,4311.95,4491.74,3879.12,0.96,8.00,0.06,0.46,8.10,24.10,0.00,47.64,20.16,100.00,0.00,0.00,0.00,21.42,10.43,3.45,
2026-07-30,06:38:36.004,0.05,0.94,0.06,0.71,2.78,81.70,11.76,0.58,0.40,0.0195,0.0028,10.12,8.30,63,4180.98,4426.94,3883.87,0.94,7.87,0.05,0.45,7.98,26.68,0.00,45.53,19.80,100.00,0.00,0.00,0.00,21.39,10.49,3.34,
2026-07-30,06:38:37.004,0.05,0.86,0.05,0.67,2.63,80.72,11.52,0.58,0.44,0.0222,0.0032,10.13,8.28,63,3629.45,4234.57,3879.09,0.86,7.14,0.05,0.39,8.09,30.70,0.00,43.47,17.74,100.00,0.00,0.00,0.00,21.47,10.42,3.46,
2026-07-30,06:38:38.004,0.14,1.61,0.09,0.68,2.67,85.86,12.69,0.58,0.47,0.0078,0.0012,10.47,8.41,65,10941.18,6776.07,3877.00,1.61,13.46,0.14,1.18,12.76,29.64,0.00,44.04,13.55,100.00,0.00,0.00,0.00,27.24,16.11,3.55,
2026-07-30,06:38:39.004,0.05,0.82,0.06,0.74,2.88,83.25,11.51,0.57,0.45,0.0232,0.0032,10.23,8.30,62,3581.12,4378.71,3878.28,0.82,6.82,0.05,0.38,7.65,27.75,0.00,43.15,21.45,100.00,0.00,0.00,0.00,21.44,10.44,3.42,
2026-07-30,06:38:40.004,0.06,0.98,0.06,0.76,2.98,83.21,11.67,0.57,0.45,0.0179,0.0025,10.23,8.33,65,4641.89,4736.65,3879.96,0.98,8.17,0.06,0.50,7.99,27.73,0.00,44.43,19.86,100.00,0.00,0.00,0.00,22.64,11.66,3.39,
2026-07-30,06:38:41.005,0.06,0.97,0.06,0.72,2.81,82.35,11.61,0.57,0.47,0.0183,0.0026,10.25,8.27,65,4505.93,4650.43,3877.86,0.97,8.07,0.06,0.48,8.31,28.63,0.00,43.69,19.37,100.00,0.00,0.00,0.00,22.16,11.08,3.51,
2026-07-30,06:38:42.005,0.06,0.97,0.06,0.73,2.86,86.67,11.73,0.56,0.54,0.0184,0.0025,10.45,8.40,65,4700.00,4823.91,3879.59,0.97,8.12,0.06,0.50,8.49,32.67,0.00,41.37,17.47,100.00,0.00,0.00,0.00,22.54,11.37,3.56,
2026-07-30,06:38:43.004,0.06,0.98,0.06,0.73,2.84,81.70,11.67,0.58,0.47,0.0182,0.0026,10.10,8.28,66,4493.48,4590.46,3877.67,0.98,8.16,0.06,0.48,8.14,31.70,0.00,39.96,20.20,100.00,0.00,0.00,0.00,22.18,11.01,3.55,
2026-07-30,06:38:44.007,0.06,1.00,0.06,0.71,2.77,80.01,11.58,0.59,0.46,0.0178,0.0026,9.97,8.12,66,4489.11,4496.82,3884.17,1.00,8.32,0.06,0.48,8.14,33.04,0.00,37.97,20.85,100.00,0.00,0.00,0.00,21.79,10.77,3.43,
2026-07-30,06:38:45.006,0.05,0.84,0.05,0.68,2.67,80.64,11.20,0.58,0.45,0.0229,0.0032,9.92,8.11,67,3516.41,4164.90,3878.82,0.84,7.04,0.05,0.38,7.85,27.19,0.00,44.14,20.82,100.00,0.00,0.00,0.00,20.84,9.85,3.44,
2026-07-30,06:38:46.006,0.06,0.99,0.06,0.72,2.79,80.79,11.55,0.58,0.47,0.0181,0.0026,10.04,8.22,66,4462.83,4530.54,3879.69,0.99,8.21,0.06,0.48,8.16,26.29,0.00,46.84,18.70,100.00,0.00,0.00,0.00,21.84,10.66,3.59,
2026-07-30,06:38:47.006,0.06,1.00,0.06,0.70,2.75,84.52,11.82,0.57,0.46,0.0177,0.0025,10.37,8.39,66,4777.29,4768.04,3876.76,1.00,8.35,0.06,0.51,8.73,29.52,0.00,43.19,18.56,100.00,0.00,0.00,0.00,22.70,11.50,3.57,
2026-07-30,06:38:48.006,0.05,0.84,0.05,0.66,2.59,81.30,11.38,0.58,0.45,0.0228,0.0032,10.08,8.20,67,3565.95,4236.55,3877.80,0.84,7.01,0.05,0.38,8.23,30.43,0.00,43.88,17.46,100.00,0.00,0.00,0.00,21.27,10.13,3.55,
2026-07-30,06:38:49.006,0.06,1.05,0.06,0.70,2.74,80.75,11.47,0.58,0.46,0.0166,0.0024,10.01,8.15,66,4858.86,4626.45,3878.46,1.05,8.75,0.06,0.52,8.50,25.79,0.00,47.97,17.74,100.00,0.00,0.00,0.00,22.09,10.97,3.55,
2026-07-30,06:38:50.006,0.06,1.01,0.06,0.70,2.73,83.49,11.65,0.58,0.45,0.0180,0.0025,10.28,8.34,67,4633.55,4587.36,3879.34,1.01,8.42,0.06,0.50,8.44,25.31,0.00,44.82,21.43,100.00,0.00,0.00,0.00,21.87,10.71,3.60,
2026-07-30,06:38:51.006,0.05,0.85,0.05,0.68,2.64,81.51,11.32,0.58,0.44,0.0229,0.0032,10.09,8.22,67,3556.12,4200.38,3877.94,0.85,7.06,0.05,0.38,8.00,28.70,0.00,43.06,20.24,100.00,0.00,0.00,0.00,21.21,10.00,3.63,
2026-07-30,06:38:52.007,0.08,1.27,0.06,0.68,2.66,80.29,11.60,0.58,0.46,0.0126,0.0018,9.92,8.11,62,6384.32,5036.47,3878.16,1.27,10.56,0.08,0.69,9.53,33.02,0.00,38.28,19.17,100.00,0.00,0.00,0.00,22.81,11.76,3.48,
2026-07-30,06:38:53.007,0.11,1.46,0.08,0.61,2.39,86.08,12.47,0.58,0.47,0.0099,0.0014,10.41,8.38,53,8680.27,5946.46,3879.77,1.46,12.16,0.11,0.93,12.52,29.02,0.00,45.81,12.64,100.00,0.00,0.00,0.00,24.86,13.64,3.63,
2026-07-30,06:38:54.007,0.09,1.08,0.09,0.82,3.21,97.14,13.63,0.56,0.57,0.0136,0.0019,11.19,8.32,66,7138.81,6633.67,3881.24,1.08,8.97,0.09,0.77,10.40,29.14,0.00,41.18,19.28,100.00,0.00,0.00,0.00,24.59,13.40,3.58,
2026-07-30,06:38:55.007,0.14,1.29,0.11,0.85,3.30,115.99,13.93,0.54,0.71,0.0108,0.0013,12.46,9.34,65,10738.35,8321.19,3878.90,1.29,10.75,0.14,1.15,12.67,29.23,0.00,42.41,15.69,100.00,0.00,0.00,0.00,28.78,17.44,3.60,
2026-07-30,06:38:56.007,0.05,0.84,0.05,0.71,2.76,81.94,11.37,0.57,0.43,0.0234,0.0032,10.14,8.30,66,3506.07,4155.11,3879.91,0.84,7.03,0.05,0.38,7.58,27.16,0.00,46.89,18.38,100.00,0.00,0.00,0.00,21.17,10.01,3.59,
2026-07-30,06:38:57.012,0.06,1.01,0.06,0.71,2.78,82.89,11.76,0.58,0.45,0.0179,0.0025,10.19,8.29,65,4618.42,4592.76,3880.79,1.01,8.38,0.06,0.50,8.29,24.00,0.00,48.74,18.97,100.00,0.00,0.00,0.00,21.93,10.74,3.60,
2026-07-30,06:38:58.010,0.06,0.97,0.06,0.70,2.74,81.21,11.44,0.58,0.45,0.0189,0.0027,10.03,8.23,66,4286.79,4402.50,3881.28,0.97,8.11,0.06,0.46,8.08,28.19,0.00,43.76,19.97,100.00,0.00,0.00,0.00,21.73,10.57,3.59,
2026-07-30,06:38:59.011,0.04,0.82,0.05,0.68,2.67,81.51,11.48,0.58,0.42,0.0241,0.0034,10.05,8.26,63,3377.22,4099.01,3880.53,0.82,6.87,0.04,0.36,7.72,22.56,0.00,48.35,21.37,100.00,0.00,0.00,0.00,21.15,9.75,3.84,
2026-07-30,06:39:00.011,0.10,1.10,0.09,0.83,3.24,100.49,14.26,0.56,0.54,0.0135,0.0019,11.45,8.34,62,7425.91,6742.30,3880.00,1.10,9.18,0.10,0.80,10.45,22.94,0.00,47.05,19.57,100.00,0.00,0.00,0.00,25.61,14.12,3.88,
2026-07-30,06:39:01.011,0.06,1.00,0.06,0.70,2.73,79.32,11.19,0.58,0.46,0.0184,0.0026,9.78,8.02,63,4322.35,4309.48,3879.39,1.00,8.36,0.06,0.46,7.94,26.07,0.00,44.96,21.02,100.00,0.00,0.00,0.00,21.77,10.37,3.83,
2026-07-30,06:39:02.011,0.04,0.84,0.05,0.66,2.58,80.49,11.19,0.57,0.43,0.0239,0.0033,9.91,8.18,61,3360.69,4002.64,3881.23,0.84,7.00,0.04,0.36,7.78,26.63,0.00,44.26,21.33,100.00,0.00,0.00,0.00,21.20,9.70,3.95,
2026-07-30,06:39:03.011,0.06,1.00,0.06,0.71,2.75,84.72,11.73,0.57,0.47,0.0182,0.0025,10.24,8.32,63,4652.81,4645.70,3880.48,1.00,8.35,0.06,0.50,8.48,27.58,0.00,44.25,19.69,100.00,0.00,0.00,0.00,22.56,10.94,4.04,
2026-07-30,06:39:04.012,0.06,0.99,0.06,0.69,2.68,83.38,11.68,0.57,0.46,0.0189,0.0026,10.12,8.26,62,4419.33,4475.15,3882.13,0.99,8.23,0.06,0.47,8.38,28.43,0.00,43.66,19.53,100.00,0.00,0.00,0.00,22.23,10.60,4.04,
2026-07-30,06:39:05.012,0.04,0.84,0.05,0.69,2.68,80.98,11.33,0.58,0.43,0.0234,0.0033,9.92,8.11,61,3464.70,4145.37,3876.24,0.84,6.96,0.04,0.37,7.77,32.30,0.00,40.02,19.91,100.00,0.00,0.00,0.00,21.49,10.02,3.92,
2026-07-30,06:39:06.013,0.06,0.97,0.06,0.73,2.85,85.34,12.05,0.57,0.47,0.0182,0.0026,10.28,8.31,65,4683.06,4824.19,3878.29,0.97,8.09,0.06,0.50,8.52,30.01,0.00,41.62,19.85,100.00,0.00,0.00,0.00,22.93,11.34,4.01,
2026-07-30,06:39:07.014,0.19,1.69,0.11,0.73,2.84,95.18,14.36,0.57,0.64,0.0065,0.0010,10.94,8.55,49,14570.62,8645.33,3882.25,1.69,14.04,0.19,1.56,15.28,33.30,0.00,39.41,12.02,100.00,0.00,0.00,0.00,30.45,18.81,3.95,
2026-07-30,06:39:08.014,0.07,1.09,0.07,0.69,2.71,92.90,11.69,0.56,0.64,0.0168,0.0021,10.76,8.63,65,5534.99,5094.05,3878.32,1.09,9.05,0.07,0.59,9.46,28.13,0.00,44.42,17.99,100.00,0.00,0.00,0.00,23.02,11.42,3.99,
2026-07-30,06:39:09.013,0.08,1.21,0.07,0.74,2.88,86.00,12.06,0.56,0.45,0.0138,0.0019,10.38,8.39,65,6250.04,5152.91,3878.23,1.21,10.11,0.08,0.67,8.99,26.30,0.00,46.44,18.27,100.00,0.00,0.00,0.00,24.16,12.49,4.10,
2026-07-30,06:39:10.013,0.05,0.86,0.06,0.68,2.67,82.97,11.61,0.57,0.45,0.0226,0.0032,10.10,8.28,65,3677.79,4266.35,3877.93,0.86,7.18,0.05,0.40,8.04,30.60,0.00,41.71,19.64,100.00,0.00,0.00,0.00,21.82,10.06,4.15,
2026-07-30,06:39:11.013,0.06,0.99,0.06,0.68,2.66,84.32,11.72,0.57,0.39,0.0187,0.0026,10.23,8.34,65,4511.54,4545.19,3879.40,0.99,8.27,0.06,0.48,8.59,24.00,0.00,47.75,19.67,100.00,0.00,0.00,0.00,22.13,10.57,4.00,
2026-07-30,06:39:12.013,0.08,1.17,0.07,0.70,2.73,89.06,12.10,0.56,0.53,0.0149,0.0020,10.53,8.41,63,5972.64,5126.50,3878.54,1.17,9.71,0.08,0.64,9.45,35.89,0.00,38.43,16.23,100.00,0.00,0.00,0.00,23.86,12.11,4.14,
2026-07-30,06:39:13.013,0.04,0.84,0.05,0.69,2.68,79.89,11.23,0.58,0.44,0.0231,0.0032,9.92,8.15,65,3464.52,4119.82,3882.03,0.84,7.01,0.04,0.37,7.71,30.83,0.00,39.94,21.51,100.00,0.00,0.00,0.00,20.87,9.76,3.52,
2026-07-30,06:39:14.014,0.06,0.97,0.06,0.71,2.76,80.75,11.57,0.58,0.45,0.0185,0.0027,9.96,8.14,62,4356.78,4498.97,3880.93,0.97,8.07,0.06,0.47,8.20,29.19,0.00,41.85,20.76,100.00,0.00,0.00,0.00,22.00,10.79,3.66,
2026-07-30,06:39:15.014,0.06,0.98,0.06,0.70,2.72,81.33,11.65,0.57,0.45,0.0189,0.0027,10.02,8.27,65,4314.23,4411.54,3878.15,0.98,8.15,0.06,0.46,8.17,26.80,0.00,47.31,17.72,100.00,0.00,0.00,0.00,22.15,10.51,4.07,
2026-07-30,06:39:16.014,0.04,0.82,0.05,0.68,2.65,80.31,11.51,0.58,0.42,0.0239,0.0034,9.90,8.21,66,3367.10,4083.46,3876.84,0.82,6.87,0.04,0.36,7.76,25.81,0.00,47.14,19.29,100.00,0.00,0.00,0.00,21.57,9.97,4.04,
2026-07-30,06:39:17.014,0.06,0.97,0.06,0.68,2.67,82.49,11.66,0.58,0.46,0.0187,0.0026,10.12,8.28,65,4403.50,4528.87,3881.89,0.97,8.10,0.06,0.47,8.54,26.52,0.00,46.87,18.07,100.00,0.00,0.00,0.00,22.53,10.77,4.18,
2026-07-30,06:39:18.016,0.06,0.95,0.06,0.70,2.71,83.63,11.75,0.57,0.58,0.0186,0.0026,10.21,8.29,67,4498.53,4759.06,3880.73,0.95,7.88,0.06,0.48,8.81,34.55,0.00,39.28,17.37,100.00,0.00,0.00,0.00,22.93,11.23,4.11,
2026-07-30,06:39:19.016,0.04,0.83,0.05,0.68,2.65,80.91,11.43,0.57,0.43,0.0241,0.0034,9.99,8.26,66,3363.80,4059.16,3881.31,0.83,6.91,0.04,0.36,7.68,28.94,0.00,43.70,19.68,100.00,0.00,0.00,0.00,21.39,9.79,4.03,
2026-07-30,06:39:20.017,0.13,1.60,0.08,0.63,2.47,86.49,12.69,0.58,0.48,0.0083,0.0012,10.38,8.38,66,10415.46,6518.31,3877.41,1.60,13.32,0.13,1.12,13.27,27.65,0.00,46.48,12.60,100.00,0.00,0.00,0.00,26.20,14.86,3.78,
2026-07-30,06:39:21.015,0.07,1.10,0.06,0.69,2.70,81.57,11.87,0.58,0.46,0.0156,0.0023,10.07,8.25,66,5237.18,4772.30,3877.64,1.10,9.15,0.07,0.56,8.89,24.39,0.00,50.15,16.57,100.00,0.00,0.00,0.00,22.75,11.36,3.83,
2026-07-30,06:39:22.015,0.05,0.85,0.05,0.69,2.68,81.88,11.50,0.57,0.43,0.0228,0.0032,10.06,8.26,67,3589.52,4219.65,3878.57,0.85,7.09,0.05,0.39,7.93,25.73,0.00,46.46,19.88,100.00,0.00,0.00,0.00,21.59,9.97,4.05,
2026-07-30,06:39:23.017,0.06,0.97,0.06,0.71,2.76,82.99,11.74,0.57,0.45,0.0191,0.0027,10.13,8.28,67,4343.29,4483.46,3880.98,0.97,8.07,0.06,0.47,8.15,22.03,0.00,50.94,18.88,100.00,0.00,0.00,0.00,22.47,10.71,4.21,
2026-07-30,06:39:24.016,0.04,0.83,0.05,0.68,2.65,80.98,11.52,0.58,0.42,0.0240,0.0034,9.98,8.26,67,3372.90,4086.83,3878.65,0.83,6.88,0.04,0.36,7.74,25.89,0.00,45.82,20.56,100.00,0.00,0.00,0.00,21.66,9.94,4.15,
2026-07-30,06:39:25.017,0.06,0.98,0.06,0.69,2.69,82.28,11.77,0.57,0.46,0.0188,0.0027,10.09,8.28,66,4368.76,4468.61,3881.48,0.98,8.15,0.06,0.47,8.33,25.68,0.00,46.63,19.35,100.00,0.00,0.00,0.00,22.22,10.55,4.07,
2026-07-30,06:39:26.019,0.06,0.98,0.06,0.70,2.74,82.35,11.81,0.57,0.45,0.0183,0.0026,10.12,8.27,65,4504.23,4584.38,3878.08,0.98,8.19,0.06,0.48,8.43,25.45,0.00,49.85,16.27,100.00,0.00,0.00,0.00,22.40,10.88,3.96,
2026-07-30,06:39:27.017,0.04,0.83,0.05,0.67,2.63,80.00,11.42,0.58,0.43,0.0236,0.0034,9.97,8.22,65,3394.44,4089.70,3877.25,0.83,6.92,0.04,0.36,7.82,26.02,0.00,45.61,20.55,100.00,0.00,0.00,0.00,21.11,9.81,3.73,
2026-07-30,06:39:28.017,0.06,0.97,0.06,0.71,2.75,80.99,11.69,0.58,0.45,0.0186,0.0027,10.00,8.27,65,4344.17,4461.47,3879.22,0.97,8.11,0.06,0.47,8.14,27.49,0.00,44.44,19.93,100.00,0.00,0.00,0.00,22.14,10.67,3.86,
2026-07-30,06:39:29.017,0.06,0.98,0.06,0.71,2.77,81.07,11.70,0.57,0.45,0.0187,0.0027,10.02,8.24,65,4347.05,4432.82,3878.02,0.98,8.17,0.06,0.47,8.06,28.32,0.00,45.99,17.63,100.00,0.00,0.00,0.00,22.23,10.71,3.95,
2026-07-30,06:39:30.017,0.04,0.82,0.05,0.68,2.67,81.60,11.57,0.58,0.42,0.0242,0.0034,10.08,8.28,65,3372.64,4127.61,3878.32,0.82,6.81,0.04,0.36,7.77,24.69,0.00,49.99,17.55,100.00,0.00,0.00,0.00,21.58,9.87,4.13,
2026-07-30,06:39:31.018,0.07,1.11,0.06,0.72,2.82,84.20,11.74,0.57,0.44,0.0158,0.0022,10.23,8.32,63,5344.52,4798.78,3878.23,1.11,9.28,0.07,0.57,8.55,27.82,0.00,44.33,19.30,100.00,0.00,0.00,0.00,22.92,11.29,4.04,
2026-07-30,06:39:32.018,0.06,1.03,0.06,0.70,2.75,81.40,11.62,0.58,0.43,0.0179,0.0026,10.05,8.27,63,4546.22,4417.45,3879.04,1.03,8.58,0.06,0.49,8.08,29.04,0.00,44.00,18.88,100.00,0.00,0.00,0.00,22.44,10.66,4.23,
2026-07-30,06:39:33.018,0.04,0.82,0.05,0.68,2.64,82.07,11.56,0.58,0.42,0.0244,0.0034,10.07,8.27,65,3370.49,4104.39,3878.15,0.82,6.84,0.04,0.36,7.81,27.08,0.00,49.89,15.22,100.00,0.00,0.00,0.00,21.37,9.74,4.08,
2026-07-30,06:39:34.018,0.06,1.02,0.06,0.71,2.77,82.63,11.59,0.57,0.44,0.0180,0.0025,10.10,8.25,66,4602.25,4496.53,3879.67,1.02,8.53,0.06,0.49,8.15,25.92,0.00,46.12,19.81,100.00,0.00,0.00,0.00,22.25,10.65,4.03,
2026-07-30,06:39:35.020,0.11,1.47,0.08,0.68,2.65,84.22,12.22,0.57,0.45,0.0098,0.0014,10.18,8.28,65,8615.27,5846.20,3878.62,1.47,12.28,0.11,0.93,11.10,28.83,0.00,44.89,15.18,100.00,0.00,0.00,0.00,25.27,13.76,3.95,
2026-07-30,06:39:36.020,0.10,1.39,0.07,0.64,2.51,83.47,11.90,0.57,0.47,0.0108,0.0015,10.14,8.32,65,7746.28,5555.54,3881.38,1.39,11.62,0.10,0.83,11.13,29.15,0.00,41.46,18.26,100.00,0.00,0.00,0.00,24.67,13.19,3.91,
2026-07-30,06:39:37.020,0.06,1.01,0.06,0.71,2.77,81.63,11.37,0.58,0.45,0.0179,0.0025,10.05,8.24,65,4569.44,4543.76,3878.92,1.01,8.38,0.06,0.49,8.23,24.42,0.00,48.48,18.86,100.00,0.00,0.00,0.00,21.86,10.67,3.63,
2026-07-30,06:39:38.019,0.04,0.82,0.05,0.68,2.66,80.91,11.21,0.57,0.45,0.0239,0.0033,9.97,8.23,66,3379.01,4102.10,3875.74,0.82,6.86,0.04,0.36,7.76,25.75,0.00,45.09,21.40,100.00,0.00,0.00,0.00,21.25,9.65,4.04,
2026-07-30,06:39:39.021,0.06,0.99,0.06,0.72,2.80,81.34,11.36,0.57,0.45,0.0184,0.0026,10.01,8.21,66,4416.98,4472.54,3879.77,0.99,8.23,0.06,0.47,8.03,25.62,0.00,44.49,21.86,100.00,0.00,0.00,0.00,21.91,10.64,3.72,
2026-07-30,06:39:40.018,0.06,1.01,0.06,0.71,2.76,81.11,11.13,0.57,0.45,0.0183,0.0025,9.95,8.18,65,4420.94,4393.24,3879.92,1.01,8.39,0.06,0.47,8.01,25.46,0.00,44.98,21.55,100.00,0.00,0.00,0.00,21.71,10.51,3.65,
2026-07-30,06:39:41.019,0.04,0.83,0.05,0.68,2.67,80.76,11.16,0.57,0.45,0.0239,0.0033,9.99,8.26,62,3376.61,4078.65,3878.46,0.83,6.90,0.04,0.36,7.68,26.93,0.00,42.96,22.43,100.00,0.00,0.00,0.00,20.68,9.48,3.66,
2026-07-30,06:39:42.019,0.08,1.18,0.07,0.74,2.90,89.57,11.92,0.55,0.55,0.0142,0.0019,10.54,8.41,62,6290.17,5314.48,3877.12,1.18,9.86,0.08,0.68,9.21,32.48,0.00,38.37,19.94,100.00,0.00,0.00,0.00,23.77,12.60,3.57,
2026-07-30,06:39:43.019,0.06,0.94,0.06,0.84,3.26,82.95,11.63,0.57,0.42,0.0185,0.0026,10.15,8.27,61,4478.57,4758.02,3881.93,0.94,7.84,0.06,0.48,7.34,28.59,0.00,44.92,19.15,100.00,0.00,0.00,0.00,23.01,12.17,3.25,
2026-07-30,06:39:44.019,0.04,0.78,0.06,0.80,3.11,81.53,11.44,0.57,0.42,0.0242,0.0034,10.02,8.23,60,3375.15,4325.82,3878.51,0.78,6.50,0.04,0.36,6.99,29.80,0.00,43.70,19.52,100.00,0.00,0.00,0.00,22.00,11.04,3.40,
2026-07-30,06:39:45.019,0.06,0.96,0.06,0.81,3.15,82.81,11.68,0.57,0.42,0.0184,0.0026,10.12,8.23,61,4499.10,4683.64,3877.29,0.96,8.00,0.06,0.48,7.47,25.31,0.00,49.18,18.04,100.00,0.00,0.00,0.00,23.00,11.85,3.59,
2026-07-30,06:39:46.020,0.06,0.95,0.06,0.80,3.10,82.62,11.64,0.56,0.39,0.0191,0.0027,10.08,8.26,61,4325.85,4533.76,3881.61,0.95,7.95,0.06,0.46,7.34,25.40,0.00,46.87,20.39,100.00,0.00,0.00,0.00,23.07,11.42,4.08,
2026-07-30,06:39:47.020,0.04,0.80,0.05,0.73,2.85,80.87,11.42,0.57,0.41,0.0244,0.0035,10.02,8.30,61,3309.56,4126.01,3880.39,0.80,6.68,0.04,0.36,7.26,29.98,0.00,41.80,20.95,100.00,0.00,0.00,0.00,21.15,10.23,3.35,
2026-07-30,06:39:48.021,0.06,0.97,0.06,0.69,2.70,83.27,11.87,0.57,0.58,0.0180,0.0026,10.15,8.28,65,4632.38,4770.29,3878.75,0.97,8.09,0.06,0.50,8.87,39.09,0.00,34.56,17.48,100.00,0.00,0.00,0.00,22.17,11.18,3.39,
2026-07-30,06:39:49.020,0.06,0.98,0.06,0.71,2.79,82.14,11.73,0.58,0.45,0.0189,0.0027,10.09,8.29,62,4351.68,4458.00,3876.66,0.98,8.13,0.06,0.47,8.04,24.40,0.00,47.98,19.58,100.00,0.00,0.00,0.00,21.47,10.49,3.41,
2026-07-30,06:39:50.021,0.04,0.81,0.05,0.69,2.68,82.07,11.58,0.58,0.43,0.0243,0.0034,10.14,8.31,61,3375.57,4163.39,3882.83,0.81,6.76,0.04,0.36,7.82,25.57,0.00,49.17,17.44,100.00,0.00,0.00,0.00,20.79,9.84,3.38,
2026-07-30,06:39:51.021,0.06,0.95,0.06,0.74,2.88,81.75,11.72,0.58,0.45,0.0189,0.0027,10.06,8.21,65,4336.61,4564.95,3877.89,0.95,7.92,0.06,0.47,7.97,22.70,0.00,48.78,20.55,100.00,0.00,0.00,0.00,21.90,10.91,3.43,
2026-07-30,06:39:52.023,0.04,0.83,0.05,0.68,2.64,81.07,11.48,0.58,0.42,0.0240,0.0034,10.00,8.26,65,3374.44,4085.62,3876.87,0.83,6.88,0.04,0.36,7.78,24.42,0.00,47.91,19.89,100.00,0.00,0.00,0.00,20.52,9.57,3.37,
2026-07-30,06:39:53.020,0.09,1.28,0.07,0.68,2.66,83.44,12.15,0.58,0.47,0.0122,0.0018,10.20,8.32,61,6836.70,5334.20,3876.44,1.28,10.68,0.09,0.73,10.08,32.36,0.00,40.03,17.54,100.00,0.00,0.00,0.00,23.70,12.68,3.44,
2026-07-30,06:39:54.022,0.14,1.59,0.09,0.70,2.71,86.35,12.74,0.58,0.50,0.0079,0.0012,10.37,8.39,63,10986.55,6915.38,3887.79,1.59,13.24,0.14,1.18,12.81,30.16,0.00,43.84,13.19,100.00,0.00,0.00,0.00,27.29,16.32,3.37,
2026-07-30,06:39:55.020,0.04,0.77,0.06,0.80,3.12,81.58,11.53,0.57,0.42,0.0242,0.0034,10.05,8.27,63,3370.63,4363.44,3869.66,0.77,6.44,0.04,0.36,7.03,30.44,0.00,43.83,18.70,100.00,0.00,0.00,0.00,22.04,11.08,3.38,
2026-07-30,06:39:56.020,0.06,0.96,0.06,0.72,2.80,82.35,11.74,0.58,0.46,0.0189,0.0027,10.20,8.33,63,4350.38,4509.12,3877.65,0.96,8.04,0.06,0.47,8.11,31.12,0.00,41.34,19.44,100.00,0.00,0.00,0.00,21.88,10.84,3.47,
2026-07-30,06:39:57.021,0.06,0.96,0.06,0.72,2.80,81.70,11.72,0.58,0.45,0.0188,0.0027,10.14,8.27,63,4339.64,4512.39,3881.95,0.96,8.01,0.06,0.47,8.10,29.53,0.00,41.10,21.27,100.00,0.00,0.00,0.00,21.75,10.78,3.40,
2026-07-30,06:39:58.021,0.04,0.81,0.05,0.70,2.74,80.98,11.42,0.58,0.43,0.0240,0.0034,10.06,8.21,62,3373.73,4141.93,3880.80,0.81,6.79,0.04,0.36,7.60,30.40,0.00,39.99,22.02,100.00,0.00,0.00,0.00,21.15,10.14,3.40,
2026-07-30,06:39:59.021,0.06,0.97,0.06,0.75,2.91,82.01,11.76,0.58,0.43,0.0182,0.0026,10.19,8.33,66,4505.87,4631.48,3877.61,0.97,8.11,0.06,0.48,8.00,28.95,0.00,44.36,18.69,100.00,0.00,0.00,0.00,22.48,11.49,3.43,
2026-07-30,06:40:00.021,0.06,0.99,0.06,0.72,2.83,80.92,11.78,0.58,0.42,0.0181,0.0026,10.09,8.26,63,4481.98,4540.59,3875.86,0.99,8.23,0.06,0.48,8.09,29.78,0.00,44.33,17.81,100.00,0.00,0.00,0.00,21.91,10.92,3.42,
2026-07-30,06:40:01.020,0.04,0.83,0.05,0.69,2.68,78.46,11.31,0.59,0.43,0.0234,0.0034,9.84,8.14,61,3351.22,4050.71,3879.47,0.83,6.89,0.04,0.36,7.59,32.85,0.00,39.56,20.01,100.00,0.00,0.00,0.00,20.91,9.86,3.46,
2026-07-30,06:40:02.022,0.06,0.99,0.06,0.70,2.75,82.70,11.71,0.58,0.44,0.0183,0.0026,10.27,8.38,65,4507.58,4557.15,3882.02,0.99,8.24,0.06,0.48,8.33,27.62,0.00,45.81,18.24,100.00,0.00,0.00,0.00,22.04,10.95,3.49,
2026-07-30,06:40:03.021,0.06,0.99,0.06,0.70,2.72,80.93,11.29,0.58,0.45,0.0181,0.0025,10.14,8.28,65,4462.38,4490.13,3879.17,0.99,8.28,0.06,0.48,8.31,26.56,0.00,47.44,17.69,100.00,0.00,0.00,0.00,21.65,10.54,3.54,
2026-07-30,06:40:04.023,0.04,0.82,0.05,0.67,2.63,80.18,11.09,0.58,0.44,0.0237,0.0033,9.99,8.25,67,3376.97,4124.01,3882.13,0.82,6.82,0.04,0.36,7.88,21.13,0.00,50.78,20.21,100.00,0.00,0.00,0.00,20.90,9.72,3.59,
2026-07-30,06:40:05.023,0.06,1.00,0.06,0.72,2.79,80.58,11.64,0.59,0.42,0.0179,0.0026,10.09,8.25,66,4497.22,4497.61,3877.40,1.00,8.33,0.06,0.48,8.11,27.26,0.00,46.98,17.65,100.00,0.00,0.00,0.00,22.12,10.99,3.56,
2026-07-30,06:40:06.023,0.04,0.83,0.05,0.70,2.72,78.79,11.32,0.58,0.42,0.0232,0.0033,9.85,8.11,58,3398.29,4098.09,3880.65,0.83,6.91,0.04,0.36,7.56,27.32,0.00,45.87,19.24,100.00,0.00,0.00,0.00,20.69,9.59,3.53,
2026-07-30,06:40:07.024,0.06,1.00,0.06,0.71,2.76,81.19,11.52,0.58,0.47,0.0180,0.0026,10.08,8.28,67,4505.42,4503.12,3881.39,1.00,8.34,0.06,0.48,8.21,26.91,0.00,45.06,19.82,100.00,0.00,0.00,0.00,21.93,10.74,3.57,
2026-07-30,06:40:08.025,0.06,1.01,0.06,0.72,2.81,81.71,11.47,0.57,0.46,0.0178,0.0025,10.09,8.19,67,4580.21,4545.90,3879.77,1.01,8.40,0.06,0.49,8.14,28.81,0.00,42.14,20.91,100.00,0.00,0.00,0.00,21.89,10.78,3.54,
2026-07-30,06:40:09.025,0.04,0.83,0.05,0.69,2.68,79.34,11.22,0.58,0.45,0.0232,0.0033,9.90,8.11,65,3427.10,4115.76,3881.86,0.83,6.94,0.04,0.37,7.71,27.29,0.00,44.16,20.84,100.00,0.00,0.00,0.00,20.90,9.81,3.53,
2026-07-30,06:40:10.025,0.06,1.00,0.06,0.72,2.83,82.29,11.77,0.58,0.43,0.0180,0.0026,10.20,8.31,66,4562.41,4582.22,3877.17,1.00,8.30,0.06,0.49,8.15,21.46,0.00,50.27,20.11,100.00,0.00,0.00,0.00,21.83,10.67,3.58,
2026-07-30,06:40:11.025,0.06,0.99,0.06,0.72,2.81,81.31,11.57,0.57,0.43,0.0183,0.0026,10.15,8.30,67,4443.93,4480.63,3878.02,0.99,8.27,0.06,0.48,8.02,22.16,0.00,49.35,20.47,100.00,0.00,0.00,0.00,21.74,10.57,3.62,
2026-07-30,06:40:12.025,0.07,1.11,0.06,0.68,2.67,88.29,11.68,0.56,0.54,0.0163,0.0022,10.51,8.39,63,5406.00,4881.42,3878.83,1.11,9.23,0.07,0.58,9.20,35.55,0.00,35.71,19.53,100.00,0.00,0.00,0.00,22.46,11.26,3.57,
2026-07-30,06:40:13.025,0.18,1.80,0.10,0.63,2.44,86.67,13.10,0.58,0.49,0.0064,0.0010,10.60,8.51,63,13593.22,7541.15,3878.18,1.80,15.02,0.18,1.46,15.52,26.89,0.00,45.71,11.89,100.00,0.00,0.00,0.00,27.85,16.63,3.59,
2026-07-30,06:40:14.027,0.06,0.97,0.06,0.71,2.78,79.51,11.47,0.58,0.45,0.0182,0.0026,9.93,8.12,65,4357.62,4485.98,3882.64,0.97,8.09,0.06,0.47,8.10,25.91,0.00,46.90,19.09,100.00,0.00,0.00,0.00,21.77,10.72,3.48,
2026-07-30,06:40:15.029,0.04,0.82,0.05,0.67,2.62,81.77,11.43,0.58,0.43,0.0242,0.0034,10.14,8.25,63,3383.57,4132.84,3877.97,0.82,6.82,0.04,0.36,7.94,28.91,0.00,42.37,20.78,100.00,0.00,0.00,0.00,20.84,9.74,3.50,
2026-07-30,06:40:16.025,0.06,1.00,0.06,0.69,2.69,81.82,11.45,0.58,0.43,0.0182,0.0025,10.02,8.15,65,4497.70,4498.51,3877.89,1.00,8.33,0.06,0.48,8.40,24.87,0.00,47.04,19.69,100.00,0.00,0.00,0.00,21.98,10.88,3.53,
2026-07-30,06:40:17.028,0.06,0.99,0.06,0.68,2.67,83.81,11.74,0.57,0.43,0.0185,0.0026,10.21,8.25,63,4541.04,4580.95,3881.31,0.99,8.26,0.06,0.49,8.62,27.56,0.00,44.91,18.91,100.00,0.00,0.00,0.00,22.14,10.93,3.65,
2026-07-30,06:40:18.027,0.05,0.82,0.06,0.63,2.45,84.90,11.44,0.57,0.58,0.0232,0.0031,10.26,8.26,62,3666.64,4449.15,3877.55,0.82,6.87,0.05,0.39,9.13,37.76,0.00,37.35,15.77,100.00,0.00,0.00,0.00,21.71,10.51,3.59,
2026-07-30,06:40:19.028,0.06,1.00,0.06,0.67,2.61,83.38,11.22,0.57,0.46,0.0184,0.0025,10.09,8.18,62,4521.93,4529.41,3879.59,1.00,8.32,0.06,0.49,8.72,27.47,0.00,46.36,17.44,100.00,0.00,0.00,0.00,22.55,10.95,3.99,
2026-07-30,06:40:20.028,0.05,0.85,0.05,0.68,2.65,81.57,11.18,0.57,0.46,0.0230,0.0032,10.08,8.26,56,3543.42,4178.78,3880.25,0.85,7.07,0.05,0.38,7.93,26.86,0.00,43.88,21.32,100.00,0.00,0.00,0.00,21.35,9.98,3.79,
2026-07-30,06:40:21.028,0.06,1.01,0.06,0.70,2.73,82.17,11.52,0.57,0.45,0.0183,0.0026,10.06,8.21,63,4500.81,4450.22,3878.16,1.01,8.43,0.06,0.48,8.20,24.40,0.00,46.93,20.48,100.00,0.00,0.00,0.00,22.41,10.87,3.97,
2026-07-30,06:40:22.027,0.16,1.30,0.13,0.90,3.50,122.02,16.66,0.54,0.60,0.0097,0.0013,13.05,8.96,61,12590.14,9709.07,3879.24,1.30,10.81,0.16,1.35,13.96,23.63,0.00,46.68,15.73,100.00,0.00,0.00,0.00,32.09,20.52,3.85,
2026-07-30,06:40:23.028,0.06,1.00,0.06,0.67,2.62,91.00,11.33,0.56,0.59,0.0190,0.0024,10.64,8.54,65,4796.46,4795.90,3877.85,1.00,8.33,0.06,0.52,9.19,28.08,0.00,44.52,18.21,100.00,0.00,0.00,0.00,22.25,10.93,3.71,
2026-07-30,06:40:24.028,0.07,1.09,0.06,0.71,2.78,84.00,11.63,0.56,0.45,0.0163,0.0023,10.23,8.35,65,5144.53,4700.23,3877.04,1.09,9.12,0.07,0.55,8.50,30.88,0.00,39.71,20.91,100.00,0.00,0.00,0.00,23.19,11.50,4.11,
2026-07-30,06:40:25.027,0.06,1.01,0.06,0.71,2.76,82.06,11.57,0.57,0.43,0.0180,0.0025,10.07,8.25,61,4553.20,4509.11,3879.98,1.01,8.41,0.06,0.49,8.22,23.34,0.00,47.57,20.87,100.00,0.00,0.00,0.00,22.20,10.90,3.71,
2026-07-30,06:40:26.027,0.04,0.83,0.05,0.66,2.58,82.29,11.47,0.57,0.43,0.0237,0.0033,10.07,8.24,62,3470.55,4205.69,3879.37,0.83,6.88,0.04,0.37,8.18,25.23,0.00,49.11,17.47,100.00,0.00,0.00,0.00,21.21,9.76,3.89,
2026-07-30,06:40:27.027,0.06,0.99,0.06,0.70,2.72,82.98,11.73,0.57,0.43,0.0184,0.0026,10.15,8.31,62,4511.26,4536.06,3878.60,0.99,8.29,0.06,0.48,8.38,29.06,0.00,44.28,18.29,100.00,0.00,0.00,0.00,22.65,10.99,4.09,
2026-07-30,06:40:28.028,0.06,1.01,0.06,0.69,2.71,81.46,11.62,0.57,0.42,0.0180,0.0026,10.00,8.23,60,4527.43,4486.20,3882.50,1.01,8.41,0.06,0.49,8.32,26.86,0.00,47.53,17.28,100.00,0.00,0.00,0.00,22.32,10.75,3.96,
2026-07-30,06:40:29.028,0.04,0.83,0.05,0.67,2.61,80.90,11.43,0.57,0.43,0.0237,0.0033,10.02,8.27,62,3414.95,4097.28,3879.27,0.83,6.95,0.04,0.37,7.89,30.24,0.00,41.57,20.30,100.00,0.00,0.00,0.00,21.43,9.81,4.06,
2026-07-30,06:40:30.030,0.06,1.01,0.06,0.70,2.75,79.80,11.49,0.57,0.43,0.0179,0.0026,9.88,8.14,65,4456.22,4410.15,3881.51,1.01,8.42,0.06,0.48,8.07,31.71,0.00,40.14,20.08,100.00,0.00,0.00,0.00,22.36,10.87,3.92,
2026-07-30,06:40:31.030,0.06,1.03,0.06,0.70,2.72,82.31,11.43,0.57,0.46,0.0174,0.0024,10.08,8.28,63,4722.85,4576.41,3881.24,1.03,8.60,0.06,0.51,8.46,30.12,0.00,40.67,20.76,100.00,0.00,0.00,0.00,22.48,11.06,3.83,
2026-07-30,06:40:32.030,0.04,0.82,0.05,0.66,2.57,81.35,11.24,0.57,0.45,0.0239,0.0033,10.03,8.26,65,3401.74,4127.87,3877.35,0.82,6.87,0.04,0.37,8.07,25.14,0.00,46.62,20.17,100.00,0.00,0.00,0.00,21.51,9.87,4.09,
2026-07-30,06:40:33.029,0.13,1.55,0.09,0.65,2.52,88.41,12.74,0.57,0.47,0.0085,0.0012,10.55,8.41,61,10345.08,6655.09,3875.00,1.55,12.95,0.13,1.11,13.27,29.34,0.00,42.33,15.06,100.00,0.00,0.00,0.00,26.92,15.22,4.12,
2026-07-30,06:40:34.029,0.11,1.42,0.08,0.67,2.62,86.84,12.32,0.57,0.47,0.0100,0.0014,10.38,8.38,58,8681.17,6112.39,3878.93,1.42,11.84,0.11,0.93,11.73,28.64,0.00,42.05,17.58,100.00,0.00,0.00,0.00,25.54,14.13,3.83,
2026-07-30,06:40:35.029,0.06,0.96,0.06,0.69,2.71,82.16,11.60,0.57,0.46,0.0191,0.0027,10.11,8.27,63,4295.49,4460.63,3879.35,0.96,8.02,0.06,0.46,8.28,28.61,0.00,41.93,21.18,100.00,0.00,0.00,0.00,22.27,10.62,4.09,
2026-07-30,06:40:36.029,0.06,0.98,0.06,0.68,2.64,83.20,11.77,0.57,0.47,0.0185,0.0026,10.16,8.24,65,4486.27,4576.19,3877.68,0.98,8.17,0.06,0.48,8.72,26.50,0.00,43.96,20.81,100.00,0.00,0.00,0.00,22.56,10.89,4.11,
2026-07-30,06:40:37.030,0.05,0.85,0.05,0.64,2.51,83.08,11.42,0.57,0.46,0.0231,0.0032,10.14,8.28,65,3590.44,4246.15,3882.26,0.85,7.05,0.05,0.39,8.49,24.10,0.00,46.09,21.32,100.00,0.00,0.00,0.00,21.62,10.07,3.95,
2026-07-30,06:40:38.030,0.06,0.97,0.06,0.67,2.63,83.70,11.76,0.57,0.46,0.0192,0.0027,10.24,8.31,66,4363.07,4514.63,3879.28,0.97,8.05,0.06,0.47,8.64,22.26,0.00,48.66,20.44,100.00,0.00,0.00,0.00,22.34,10.69,4.08,
2026-07-30,06:40:39.035,0.06,0.97,0.06,0.68,2.67,82.63,11.71,0.57,0.46,0.0189,0.0027,10.15,8.27,67,4378.81,4495.12,3889.94,0.97,8.12,0.06,0.47,8.45,27.65,0.00,44.14,19.76,100.00,0.00,0.00,0.00,22.04,10.53,3.90,
2026-07-30,06:40:40.035,0.04,0.82,0.05,0.66,2.59,82.10,11.59,0.58,0.43,0.0241,0.0034,10.13,8.28,63,3405.60,4174.07,3879.51,0.82,6.80,0.04,0.37,8.10,30.94,0.00,43.22,17.73,100.00,0.00,0.00,0.00,21.52,10.05,3.90,
2026-07-30,06:40:41.034,0.06,1.02,0.06,0.68,2.67,82.89,11.72,0.57,0.47,0.0178,0.0025,10.18,8.31,65,4659.09,4589.40,3879.37,1.02,8.46,0.06,0.50,8.65,22.85,0.00,48.15,20.35,100.00,0.00,0.00,0.00,22.59,10.98,4.06,
2026-07-30,06:40:42.035,0.11,1.38,0.08,0.72,2.82,99.12,12.22,0.54,0.61,0.0113,0.0014,11.24,8.68,55,8775.88,6349.69,3882.33,1.38,11.52,0.11,0.94,11.33,28.94,0.00,41.92,17.81,100.00,0.00,0.00,0.00,25.77,14.07,4.06,
2026-07-30,06:40:43.036,0.05,0.83,0.05,0.68,2.63,82.67,11.66,0.57,0.43,0.0234,0.0033,10.10,8.27,67,3539.21,4260.24,3878.66,0.83,6.92,0.05,0.38,8.13,31.87,0.00,40.37,19.63,100.00,0.00,0.00,0.00,21.73,10.12,4.03,
2026-07-30,06:40:44.036,0.06,0.99,0.06,0.69,2.70,82.35,11.55,0.57,0.47,0.0184,0.0026,10.12,8.30,66,4486.84,4518.68,3878.38,0.99,8.27,0.06,0.48,8.42,31.95,0.00,38.67,20.96,100.00,0.00,0.00,0.00,22.43,10.76,4.10,
2026-07-30,06:40:45.036,0.06,0.98,0.06,0.70,2.74,81.25,11.76,0.58,0.46,0.0187,0.0027,10.04,8.25,65,4348.78,4444.74,3878.28,0.98,8.15,0.06,0.47,8.16,32.96,0.00,39.44,19.44,100.00,0.00,0.00,0.00,22.54,10.82,4.14,
2026-07-30,06:40:46.037,0.04,0.83,0.05,0.66,2.56,80.63,11.38,0.58,0.43,0.0239,0.0034,9.99,8.25,65,3375.92,4066.09,3881.11,0.83,6.92,0.04,0.36,7.99,27.20,0.00,45.19,19.62,100.00,0.00,0.00,0.00,21.27,9.78,3.92,
2026-07-30,06:40:47.036,0.06,0.98,0.06,0.71,2.77,81.18,11.59,0.57,0.45,0.0187,0.0027,10.03,8.21,66,4338.35,4412.01,3878.70,0.98,8.19,0.06,0.47,8.00,27.97,0.00,44.06,19.97,100.00,0.00,0.00,0.00,22.37,10.69,4.12,
2026-07-30,06:40:48.036,0.06,0.93,0.06,0.66,2.57,84.14,11.72,0.57,0.58,0.0197,0.0027,10.23,8.28,50,4274.84,4608.96,3879.83,0.93,7.73,0.06,0.46,9.00,34.44,0.00,38.62,17.94,100.00,0.00,0.00,0.00,22.72,10.99,4.13,
2026-07-30,06:40:49.038,0.05,0.90,0.05,0.68,2.67,79.37,11.17,0.57,0.46,0.0210,0.0030,9.90,8.21,62,3779.01,4202.52,3882.56,0.90,7.49,0.05,0.41,7.90,28.29,0.00,39.14,24.66,100.00,0.00,0.00,0.00,21.43,10.20,3.62,
2026-07-30,06:40:50.039,0.06,0.97,0.06,0.70,2.74,82.56,11.51,0.57,0.47,0.0189,0.0026,10.17,8.31,63,4374.69,4514.61,3879.95,0.97,8.08,0.06,0.47,8.28,23.67,0.00,45.73,22.32,100.00,0.00,0.00,0.00,22.05,10.67,3.81,
2026-07-30,06:40:51.038,0.04,0.81,0.05,0.68,2.64,83.50,11.57,0.57,0.43,0.0246,0.0034,10.25,8.34,62,3400.14,4196.26,3877.44,0.81,6.75,0.04,0.37,8.00,24.76,0.00,49.33,17.91,100.00,0.00,0.00,0.00,21.22,10.00,3.65,
2026-07-30,06:40:52.038,0.06,0.98,0.06,0.70,2.75,82.95,11.73,0.57,0.46,0.0191,0.0027,10.16,8.33,62,4335.60,4409.38,3881.09,0.98,8.19,0.06,0.47,8.07,24.07,0.00,48.13,19.73,100.00,0.00,0.00,0.00,22.28,10.59,4.12,
2026-07-30,06:40:53.038,0.06,0.99,0.06,0.71,2.76,81.04,11.64,0.58,0.45,0.0187,0.0027,10.03,8.25,62,4334.81,4392.11,3875.96,0.99,8.22,0.06,0.47,8.00,29.94,0.00,42.57,19.49,100.00,0.00,0.00,0.00,22.28,10.79,3.92,
2026-07-30,06:40:54.038,0.04,0.83,0.05,0.68,2.65,81.83,11.59,0.59,0.42,0.0242,0.0034,10.07,8.31,62,3380.78,4086.85,3879.57,0.83,6.89,0.04,0.36,7.75,25.51,0.00,50.84,15.90,100.00,0.00,0.00,0.00,21.41,9.76,4.09,
2026-07-30,06:40:55.037,0.06,0.97,0.06,0.71,2.77,82.36,11.75,0.58,0.45,0.0191,0.0027,10.10,8.28,62,4320.44,4438.63,3876.76,0.97,8.11,0.06,0.46,8.05,28.19,0.00,45.53,18.23,100.00,0.00,0.00,0.00,22.21,10.63,3.99,
2026-07-30,06:40:56.037,0.06,1.00,0.06,0.71,2.77,81.76,11.70,0.57,0.45,0.0185,0.0027,10.05,8.24,61,4413.19,4433.65,3878.15,1.00,8.29,0.06,0.47,8.04,28.43,0.00,43.82,19.71,100.00,0.00,0.00,0.00,22.31,10.77,3.98,
2026-07-30,06:40:57.038,0.04,0.81,0.05,0.67,2.62,76.23,11.38,0.59,0.35,0.0233,0.0035,9.89,8.24,65,3268.69,4022.82,3879.75,0.81,6.77,0.04,0.35,7.73,22.66,0.00,54.06,15.55,100.00,0.00,0.00,0.00,21.75,9.77,4.43,
2026-07-30,06:40:58.037,0.13,1.26,0.10,0.86,3.35,103.52,14.38,0.54,0.58,0.0105,0.0015,11.56,8.43,62,9842.84,7823.29,3876.15,1.26,10.48,0.13,1.06,11.76,28.90,0.00,42.56,16.78,100.00,0.00,0.00,0.00,28.46,16.35,4.47,
2026-07-30,06:40:59.038,0.17,1.76,0.10,0.64,2.48,87.93,13.09,0.58,0.50,0.0067,0.0010,10.43,8.43,63,13067.54,7420.97,3881.85,1.76,14.67,0.17,1.40,15.01,30.97,0.00,44.62,9.40,100.00,0.00,0.00,0.00,29.60,17.64,4.36,
2026-07-30,06:41:00.038,0.04,0.82,0.05,0.69,2.70,80.35,11.61,0.58,0.42,0.0238,0.0034,9.97,8.26,63,3371.83,4091.25,3878.86,0.82,6.87,0.04,0.36,7.62,28.25,0.00,46.54,17.59,100.00,0.00,0.00,0.00,21.51,10.09,3.84,
2026-07-30,06:41:01.038,0.06,0.96,0.06,0.74,2.90,79.48,11.70,0.58,0.41,0.0183,0.0027,10.07,8.23,63,4341.81,4504.31,3878.29,0.96,8.03,0.06,0.47,7.81,24.51,0.00,49.91,17.76,100.00,0.00,0.00,0.00,23.37,11.35,4.43,
2026-07-30,06:41:02.038,0.06,0.98,0.06,0.72,2.82,80.59,11.66,0.58,0.45,0.0187,0.0027,9.97,8.23,62,4317.21,4389.09,3880.07,0.98,8.20,0.06,0.46,7.83,26.21,0.00,44.33,21.63,100.00,0.00,0.00,0.00,22.20,10.59,4.04,
2026-07-30,06:41:03.038,0.04,0.80,0.05,0.78,3.04,82.46,11.38,0.57,0.42,0.0245,0.0034,10.06,8.24,62,3372.66,4211.59,3878.73,0.80,6.67,0.04,0.36,6.97,26.46,0.00,45.74,20.83,100.00,0.00,0.00,0.00,23.28,11.12,4.59,
2026-07-30,06:41:04.039,0.06,0.97,0.06,0.73,2.84,81.78,11.66,0.57,0.45,0.0188,0.0027,10.00,8.20,66,4339.73,4459.57,3877.78,0.97,8.11,0.06,0.47,7.90,24.74,0.00,46.25,21.10,100.00,0.00,0.00,0.00,22.21,10.70,3.94,
2026-07-30,06:41:05.038,0.04,0.83,0.05,0.70,2.74,81.38,11.53,0.58,0.43,0.0237,0.0034,10.02,8.24,65,3437.59,4153.12,3880.22,0.83,6.90,0.04,0.37,7.63,22.88,0.00,47.83,21.67,100.00,0.00,0.00,0.00,20.85,9.85,3.42,
2026-07-30,06:41:06.038,0.06,0.96,0.06,0.78,3.04,85.94,11.92,0.56,0.46,0.0183,0.0025,10.35,8.31,63,4701.60,4901.02,3877.44,0.96,7.99,0.06,0.51,8.11,24.13,0.00,50.11,17.66,100.00,0.00,0.00,0.00,23.75,12.05,4.13,
2026-07-30,06:41:07.039,0.06,0.94,0.06,0.78,3.06,83.29,11.59,0.56,0.46,0.0192,0.0027,10.16,8.29,63,4332.73,4600.89,3882.92,0.94,7.85,0.06,0.46,7.55,25.05,0.00,47.89,19.51,100.00,0.00,0.00,0.00,22.94,11.48,3.88,
2026-07-30,06:41:08.039,0.04,0.79,0.05,0.74,2.89,81.96,11.54,0.58,0.42,0.0244,0.0034,10.12,8.28,62,3365.65,4258.14,3877.34,0.79,6.59,0.04,0.36,7.40,26.95,0.00,48.08,17.57,100.00,0.00,0.00,0.00,21.39,10.45,3.38,
2026-07-30,06:41:09.040,0.06,0.97,0.06,0.71,2.76,81.42,11.69,0.58,0.45,0.0187,0.0027,10.05,8.27,63,4344.30,4465.09,3881.58,0.97,8.11,0.06,0.47,8.13,25.81,0.00,46.10,19.96,100.00,0.00,0.00,0.00,21.58,10.58,3.42,
2026-07-30,06:41:10.041,0.06,1.00,0.06,0.71,2.77,81.46,11.78,0.58,0.42,0.0180,0.0026,10.07,8.26,66,4524.45,4502.67,3881.40,1.00,8.37,0.06,0.49,8.16,25.25,0.00,46.34,20.25,100.00,0.00,0.00,0.00,21.75,10.80,3.36,
2026-07-30,06:41:11.041,0.04,0.82,0.05,0.70,2.73,80.64,11.11,0.58,0.45,0.0239,0.0033,10.02,8.23,66,3369.30,4130.06,3878.86,0.82,6.80,0.04,0.36,7.60,21.13,0.00,46.63,24.64,100.00,0.00,0.00,0.00,20.68,9.73,3.39,
2026-07-30,06:41:12.041,0.06,1.00,0.06,0.73,2.83,82.07,11.60,0.57,0.52,0.0175,0.0025,10.14,8.30,67,4682.22,4684.02,3878.07,1.00,8.33,0.06,0.50,8.33,28.96,0.00,40.45,22.26,100.00,0.00,0.00,0.00,22.48,11.49,3.41,
2026-07-30,06:41:13.041,0.09,1.29,0.07,0.77,3.00,92.09,12.20,0.55,0.47,0.0130,0.0017,10.77,8.49,66,7063.85,5466.10,3877.65,1.29,10.77,0.09,0.76,9.18,29.03,0.00,42.63,19.16,100.00,0.00,0.00,0.00,24.24,13.20,3.43,
2026-07-30,06:41:14.040,0.05,0.85,0.06,0.73,2.86,81.61,11.50,0.58,0.43,0.0223,0.0031,10.10,8.26,66,3663.79,4311.56,3877.45,0.85,7.08,0.05,0.39,7.59,26.27,0.00,45.81,20.33,100.00,0.00,0.00,0.00,21.61,10.66,3.37,
2026-07-30,06:41:15.040,0.06,0.95,0.06,0.73,2.86,82.89,11.71,0.58,0.46,0.0191,0.0027,10.23,8.33,67,4342.64,4584.76,3877.61,0.95,7.89,0.06,0.47,8.07,26.60,0.00,48.42,16.91,100.00,0.00,0.00,0.00,22.24,11.20,3.46,
2026-07-30,06:41:16.041,0.06,0.97