Pressure,CO2 Weld Flow,Feed,Primary Weld Current,Wire Consumed,Secondary Weld Voltage
1.56,-0.11,0,0,3.44,0
1.56,-0.09,0,0,3.61,0
1.56,-0.13,0,0,3.77,0
1.56,-0.12,0,0,4.1,0
1.56,-0.13,0,0,4.26,0
1.51,0.03,0,0,4.26,0
1.51,0.02,0,0,4.26,0
1.51,0.07,0,0,4.26,0
1.51,0.01,4.43,0,4.43,0
1.51,0,4.43,0,4.43,0
1.51,-0.12,4.43,0,4.43,0
1.51,-0.11,4.43,0,4.43,0
1.51,-0.11,4.43,0,4.43,0
1.43,0.06,4.59,0,4.59,0
1.43,0.07,4.59,0,4.59,0
1.43,0.07,4.59,0,4.59,0
1.43,0.01,2.3,0,4.59,0
1.43,-0.02,2.3,0,4.59,0
1.43,0.08,2.3,0,4.59,0
1.43,-0.02,2.3,0,4.59,0
1.43,-0.04,2.3,0,4.59,0
1.41,-0.12,2.3,0,4.59,0
1.41,-0.13,2.3,0,4.59,0
1.41,-0.02,2.3,0,4.59,0
1.41,-0.03,2.3,0,4.59,0
1.41,0.04,1.53,0,4.59,0
1.41,0.08,1.53,0,4.59,0
1.41,0.08,1.53,0,4.59,0
1.41,0,1.53,0,4.59,0
1.41,0,1.53,0,4.59,0
1.41,-0.06,1.53,0,4.59,0
1.42,-0.08,1.53,0,4.59,0
1.42,-0.01,1.53,0,4.59,0
1.42,0,1.53,0,4.59,0
1.42,-0.07,1.15,0,4.59,0
1.42,-0.1,1.15,0,4.59,0
1.42,-0.06,1.15,0,4.59,0
1.42,0,1.15,0,4.59,0
1.42,0,1.15,0,4.59,0
1.42,0.09,1.15,0,4.59,0
1.43,0.07,1.15,0,4.59,0
1.43,0.06,1.15,0,4.59,0
1.43,0.05,1.15,0,4.59,0
1.43,0.1,0.92,819.03,4.59,0.21
1.43,-0.13,0.92,2.83,4.59,81.88
1.43,-0.03,0.92,1.55,4.59,0.04
1.43,-0.1,0.95,2.4,4.75,0.01
1.43,-0.08,0.98,2.28,4.92,0.01
0.79,0.1,1.08,0.1,5.41,0.21
0.79,-0.09,1.08,2.49,5.41,81.9
0.79,0.05,2.03,1.16,10.16,40.23
0.79,0.07,2.2,1.09,10.98,40.23
0.79,0.05,2.19,1.38,13.11,40.23
0.79,-0.01,2.7,2.18,16.23,40.23
0.79,-0.03,3.06,17.56,18.36,40.23
0.79,0.07,4.51,190.45,27.05,25.41
0.79,0.05,5.46,150.09,32.79,22.4
0.33,0.08,6.78,109.55,40.66,21.32
0.33,-0.01,7.95,99.23,47.7,20.81
0.33,0,9.1,129.43,54.59,19.93
0.33,-0.09,10.3,151.54,61.8,19.6
0.33,-0.05,9.81,142.25,68.69,20.15
0.33,-0.06,10.77,121.44,75.41,19.65
0.33,-0.05,11.83,122.68,82.79,19.91
0.33,-0.1,12.9,131.51,90.33,20.32
0.33,-0.09,13.77,140.46,96.39,20.14
0.26,-0.07,14.89,140.06,104.26,20.29
0.26,-0.08,15.76,128.76,110.33,20.37
0.26,0.01,16.81,134.66,117.7,20.45
0.26,2.92,17.94,130.64,125.57,20.39
0.26,3.23,16.7,131.66,133.61,20.36
0.26,3.55,17.66,134.08,141.31,20.35
0.26,3.88,18.46,129.16,147.7,19.86
0.26,4.13,19.34,130.93,154.75,20.46
0.26,4.43,20.27,135.36,162.13,20.09
0.19,4.78,21.19,126.41,169.51,20.19
0.19,5.03,22.13,133.4,177.05,20.5
0.19,5.2,22.99,133.91,183.93,19.81
0.19,5.39,23.91,134.6,191.31,20.41
0.19,5.47,22.06,126.98,198.52,20.4
0.19,5.73,22.95,132.41,206.56,20.33
0.19,5.85,23.64,135.26,212.79,19.9
0.19,6.04,24.54,131.15,220.82,20.6
0.19,6.13,25.17,134.03,226.56,20.29
0.18,6.28,26.08,134.35,234.75,20.51
0.18,6.34,26.81,132.46,241.31,20.5
0.18,6.35,27.7,129.53,249.34,20.27
0.18,6.41,28.4,133.11,255.57,20.3
0.18,6.49,26.36,133.28,263.61,20.2
0.18,6.4,27.11,126.59,271.15,19.98
0.18,6.35,27.9,135.58,279.02,19.81
0.18,6.4,28.7,136.58,287.05,19.94
0.18,6.37,29.38,135.05,293.77,19.98
0.16,6.45,30.13,122.04,301.31,20.27
0.16,6.42,30.79,134.75,307.87,19.82
0.16,6.36,31.56,142.15,315.57,20
0.16,6.43,32.31,134.65,323.11,20.37
0.16,6.46,30.06,122.85,330.66,20.63
0.16,6.43,30.64,134.16,337.05,20.26
0.16,6.32,31.31,132.35,344.43,20.34
0.16,6.28,31.92,139.95,351.15,20.02
0.16,6.15,32.58,141.9,358.36,20
0.08,6.02,33.28,131.86,366.07,20.31
0.08,5.95,33.86,127.68,372.46,20.18
0.08,5.97,34.58,137.15,380.33,20.36
0.08,5.83,35.26,127.5,387.87,20.47
0.08,5.72,32.87,132.09,394.43,20.33
0.08,5.77,33.5,137.46,401.97,20.09
0.08,5.74,34.13,136.35,409.51,20.3
0.08,5.66,34.7,139.13,416.39,20.22
0.08,5.55,35.3,133.24,423.61,20.35
0.08,5.51,35.89,140.18,430.66,20.29
0.04,5.29,36.49,137.83,437.87,20.41
0.04,5.22,37.17,136.33,446.07,20.1
0.04,5.19,37.7,140.7,452.46,20.07
0.04,5.12,35.3,137.13,458.85,19.67
0.04,4.95,35.88,123.93,466.39,19.9
0.04,4.87,36.38,137.84,472.95,20.34
0.04,4.68,36.96,139.04,480.49,19.49
0.04,4.7,37.53,134.88,487.87,20.02
0.04,4.62,38.03,140.34,494.43,20.08
0.05,4.58,38.61,114.14,501.97,20.29
0.05,4.52,39.13,141.46,508.69,20.25
0.05,4.53,39.68,137.28,515.9,20.16
0.05,4.38,37.42,138.63,523.93,20.26
0.05,4.37,37.95,126.14,531.31,20.68
0.05,4.3,38.42,136.78,537.87,20.51
0.05,4.18,38.98,135.53,545.74,20.44
0.05,4.13,39.43,137.08,551.97,19.93
0.05,4,40,140.16,560,19.99
0.06,3.95,40.54,131.98,567.54,19.57
0.06,3.91,41.01,142.86,574.1,20.15
0.06,3.95,41.53,138.95,581.48,20.05
0.06,3.89,39.21,125.28,588.2,20.06
0.06,3.93,39.79,127.84,596.89,19.89
0.06,3.77,40.22,136.74,603.28,20.26
0.06,3.83,40.72,139.96,610.82,20.3
0.06,3.79,41.14,127.98,617.05,20.41
0.06,3.84,41.68,129.74,625.25,19.94
0.09,3.82,42.12,135.49,631.8,20.42
0.09,3.76,42.61,138.55,639.18,20.35
0.09,3.66,43.11,128.46,646.72,19.87
0.09,3.67,40.83,139.95,653.28,20.17
0.09,3.53,41.31,124.4,660.98,19.65
0.09,3.52,41.74,134.9,667.87,20.1
0.09,3.58,42.2,137.04,675.25,19.72
0.09,3.69,42.62,123.13,681.97,20.51
0.09,3.45,43.08,142.7,689.34,20.08
0.23,3.45,43.48,136.6,695.74,20.08
0.23,3.55,43.97,147.14,703.44,20.03
0.23,3.52,44.39,142.45,710.16,19.66
0.23,3.59,44.85,136.31,717.54,20.3
0.23,3.65,42.66,125.76,725.25,20.48
0.23,3.62,43.04,127.54,731.64,20.32
0.23,3.54,43.47,138.5,739.02,19.63
0.23,3.52,43.86,129.11,745.57,19.82
0.23,3.6,44.33,143.93,753.61,20.21
0.22,3.6,44.72,133.59,760.16,20.12
0.22,3.52,45.15,131.09,767.54,20.29
0.22,3.52,45.56,136.25,774.59,20.18
0.22,3.47,46.01,136.91,782.13,20.23
0.22,3.47,43.8,141.49,788.36,19.86
0.22,3.41,44.24,129.49,796.39,20.22
0.22,3.49,44.65,129.41,803.77,20.38
0.22,3.47,45,127.83,810,20.02
0.22,3.6,45.39,136.11,817.05,19.73
0.2,3.58,45.77,137.83,823.77,20.37
0.2,3.52,46.2,121.48,831.64,19.68
0.2,3.5,46.57,124.34,838.2,20.45
0.2,3.59,46.99,137.41,845.9,20.44
0.2,3.58,44.87,140.41,852.46,19.97
0.2,3.58,45.25,141.93,859.84,20.13
0.2,3.57,45.61,134.66,866.56,20.06
0.2,3.54,45.99,136.21,873.77,20.03
0.2,3.42,46.39,126.74,881.48,20.35
0.19,3.45,46.71,129.84,887.54,20.02
0.19,3.52,47.12,125.71,895.25,19.64
0.19,3.49,47.46,137.91,901.8,19.88
0.19,3.44,47.88,134.3,909.67,19.77
0.19,3.51,45.87,124.43,917.38,20.43
0.19,3.62,46.24,137.13,924.75,20.09
0.19,3.6,46.57,134.04,931.48,20.41
0.19,3.66,46.94,135.59,938.85,20.41
0.19,3.65,47.27,124.75,945.41,20.06
0.1,3.59,47.66,133.3,953.11,19.64
0.1,3.58,48.02,122.08,960.33,19.68
0.1,3.58,48.34,140.18,966.89,20.05
0.1,3.62,48.73,119.75,974.59,20
0.1,3.53,46.74,136.43,981.64,20.14
0.1,3.57,47.07,128.13,988.52,20.38
0.1,3.51,47.46,131.95,996.56,20.14
0.1,3.6,47.83,136.79,1004.43,20.13
0.1,3.6,48.15,137.18,1011.15,20.32
0.04,3.68,48.54,135.23,1019.34,20.07
0.04,3.69,48.85,120.24,1025.9,20.53
0.04,3.7,49.21,138.69,1033.44,20.2
0.04,3.72,49.63,128.56,1042.13,20.41
0.04,3.7,47.71,130.01,1049.67,20.28
0.04,3.72,48.01,133.98,1056.23,20.17
0.04,3.62,48.38,131.2,1064.43,19.97
0.04,3.67,48.71,120.76,1071.64,19.64
0.04,3.58,49.13,132,1080.82,19.87
0.03,3.66,49.49,122.71,1088.85,20.44
0.03,3.63,49.76,118.19,1094.75,20.58
0.03,3.71,50.13,137.06,1102.79,19.94
0.03,3.69,50.42,120.01,1109.34,20.37
0.03,3.65,48.57,130.7,1117.05,20.2
0.03,3.64,48.84,128.93,1123.28,19.46
0.03,3.72,49.17,130.93,1130.82,20.11
0.03,3.73,49.44,133.48,1137.21,20.08
0.03,3.8,49.76,133.83,1144.59,20.46
0.03,3.79,50.04,127.83,1150.98,20.51
0.07,3.74,50.38,121.81,1158.69,19.57
0.07,3.66,50.68,132.59,1165.74,19.65
0.07,3.69,50.96,135.36,1172.13,20.34
0.07,3.62,49.15,136.61,1179.67,20.18
0.07,3.59,49.41,135.51,1185.74,20.27
0.07,3.68,49.73,130.31,1193.61,20.36
0.07,3.71,49.99,132.86,1199.84,19.84
0.07,3.62,50.31,132.03,1207.38,20.26
0.07,3.62,50.57,122.5,1213.61,20.25
0.12,3.75,50.89,130.83,1221.31,20.28
0.12,3.72,51.17,132.94,1228.03,20.28
0.12,3.81,51.49,125.85,1235.74,19.77
0.12,3.86,49.73,133.75,1243.28,19.48
0.12,3.7,50.03,134.5,1250.82,20.12
0.12,3.77,50.33,121.16,1258.2,20.26
0.12,3.75,50.66,136.06,1266.39,20.13
0.12,3.73,51,120.51,1275.08,20.27
0.21,3.81,51.39,128,1284.75,20.15
0.21,3.86,51.78,134.51,1294.43,20
0.21,3.9,52.12,124.95,1303.12,20.49
0.21,3.8,52.26,130.6,1306.56,20.31
0.21,3.79,50.54,122.61,1314.1,19.51
0.21,3.88,50.79,138.35,1320.49,20.15
0.21,3.87,51.07,133.41,1327.71,20.36
0.21,3.99,51.35,130.34,1335.08,20.39
0.21,3.97,51.61,124.98,1341.8,20.46
0.2,3.91,51.9,130.98,1349.34,20.14
0.2,3.89,52.16,132.13,1356.07,20.09
0.2,4.02,52.46,133.98,1363.93,20.42
0.2,3.99,52.7,122.61,1370.33,19.54
0.2,3.97,51.03,132.44,1377.71,20.2
0.2,4,51.28,131.04,1384.59,20.24
0.2,3.95,51.55,119.83,1391.97,20.36
0.2,3.86,51.86,137.71,1400.16,20.08
0.2,3.87,52.11,136.03,1407.05,20.26
0.18,3.94,52.42,135.81,1415.25,20.19
0.18,3.9,52.7,127.25,1422.79,19.46
0.18,3.88,53.01,127.76,1431.15,20.25
0.18,3.87,53.25,137.29,1437.71,20.14
0.18,3.94,51.63,142.78,1445.74,20.1
0.18,3.94,51.88,132.19,1452.62,20.25
0.18,4.02,52.15,120.93,1460.16,20.37
0.18,4,52.41,124.81,1467.38,19.55
0.18,4.1,52.69,126.91,1475.25,19.99
0.1,4.08,52.96,135.44,1482.79,20.34
0.1,4.11,53.2,123.5,1489.51,20.46
0.1,4.03,53.49,131.18,1497.71,20.03
0.1,4.03,53.72,131.9,1504.1,20.3
0.1,4.06,52.15,134.96,1512.3,19.67
0.1,4.13,52.37,126.44,1518.85,20.43
0.1,4.06,52.62,132.96,1526.07,20.02
0.1,4.05,52.87,126.39,1533.28,19.41
0.1,3.95,53.13,130.16,1540.82,20.17
0.03,3.98,53.35,123.01,1547.21,20.27
0.03,4.02,53.61,137.55,1554.75,20.23
0.03,4.11,53.88,129.36,1562.46,20.41
0.03,4.1,54.11,120.05,1569.18,20.24
0.03,4.21,52.56,131.99,1576.72,20.22
0.03,4.2,52.79,130.36,1583.77,19.69
0.03,4.11,53.04,132.64,1591.31,20.31
0.03,4.12,53.27,137.28,1598.03,19.92
0.03,4.2,53.54,133.61,1606.07,19.95
0.03,4.22,53.75,118.95,1612.46,20.39
0.05,4.17,54,117.09,1620,20.4
0.05,4.16,54.23,123.95,1627.05,19.72
0.05,4.16,54.49,133.53,1634.75,19.82
0.05,4.03,52.98,134.91,1642.46,20.18
0.05,4.05,53.2,127.74,1649.18,20.19
0.05,4.11,53.45,129.01,1657.05,19.72
0.05,4.12,53.69,132.71,1664.26,20.16
0.05,4.05,53.96,123.3,1672.62,20.26
0.05,4.07,54.17,127.44,1679.34,19.34
0.06,4.14,54.42,133.59,1687.05,20.25
0.06,4.13,54.64,127,1693.77,20.26
0.06,4.2,54.88,121.28,1701.31,19.49
0.06,4.18,53.37,130.89,1707.71,19.89
0.06,4.25,53.61,127.76,1715.41,20.4
0.06,4.22,53.86,135.29,1723.44,20.22
0.06,4.26,54.06,128.41,1730,20.39
0.06,4.18,54.31,124.19,1737.87,19.45
0.06,4.19,54.52,120.79,1744.59,20.26
0.19,4.23,54.76,129.74,1752.46,20.13
0.19,4.29,54.97,131.31,1759.18,20.28
0.19,4.18,55.2,142.63,1766.39,20.01
0.19,4.19,53.74,141.65,1773.28,20.16
0.19,4.09,53.97,125.14,1780.98,20.13
0.19,4.14,54.16,116.25,1787.38,20.24
0.19,4.18,54.39,118.78,1794.75,19.46
0.19,4.24,54.61,131.59,1802.13,20.34
0.19,4.23,54.81,142.89,1808.85,20.04
0.23,4.3,55.03,126.68,1816.07,20.42
0.23,4.31,55.23,123.49,1822.62,20.42
0.23,4.22,55.46,120.35,1830.33,20.31
0.23,4.2,55.67,119.06,1837.05,20.31
0.23,4.3,54.24,121.41,1844.1,20.49
0.23,4.3,54.44,117.86,1850.82,20.43
0.23,4.27,54.67,133.55,1858.69,20.21
0.23,4.29,54.87,129.25,1865.57,20.37
0.23,4.2,55.11,137.66,1873.61,20.15
0.19,4.1,55.35,143.09,1881.8,19.93
0.19,4.11,55.54,137.91,1888.36,20.09
0.19,4.18,55.8,136.48,1897.21,20.16
0.19,4.1,56.03,131.16,1904.92,20.16
0.19,4.1,54.64,125.21,1912.46,20.19
0.19,4.09,54.85,138.44,1919.84,19.93
0.19,4.27,55.11,126.31,1928.69,20.36
0.19,4.16,55.37,121.15,1938.03,20.23
0.17,4.15,55.67,132.36,1948.53,20.2
0.17,4.29,55.96,130.15,1958.53,19.72
0.17,4.29,56.21,131.71,1967.38,20.32
0.17,4.23,56.31,120.98,1970.82,20.29
0.17,4.16,54.95,121.56,1978.03,20.25
0.17,4.18,55.12,122.63,1984.26,20.22
0.17,4.23,55.33,132.4,1991.8,19.86
0.17,4.26,55.51,121.78,1998.36,20.32
0.17,4.15,55.71,133.53,2005.74,19.77
0.03,4.18,55.89,145.84,2012.13,19.85
0.03,4.09,56.11,137.2,2020,20.12
0.03,4.1,56.29,130.01,2026.39,19.46
0.03,4.2,56.5,129.76,2034.1,19.98
0.03,4.24,55.18,136.93,2041.64,20.06
0.03,4.23,55.24,36.99,2043.93,37.14
0.03,4.3,55.25,0,2044.26,0
0.03,4.31,55.28,0,2045.41,0
0.03,4.26,55.29,0,2045.74,0
0.04,4.24,55.31,0,2046.56,0
0.04,4.3,55.33,0,2047.21,0
0.04,4.35,55.34,0,2047.71,0
0.04,4.23,55.34,0,2047.71,0
0.04,4.26,53.9,0,2048.03,0
0.04,4.17,53.9,0,2048.03,0
0.04,4.11,53.9,0,2048.03,0
0.04,4.1,53.9,0,2048.03,0
0.04,4.2,53.9,0,2048.03,0
0.04,4.21,53.9,0,2048.03,0
0.54,4.09,53.9,0,2048.03,0
0.54,4.17,53.9,0,2048.03,0
0.54,4.13,53.9,0,2048.03,0
0.54,4.09,52.51,0,2048.03,0
0.54,4.09,52.51,0,2048.03,0
0.54,4,52.51,0,2048.03,0
0.54,3.95,52.51,0,2048.03,0
0.54,3.75,52.51,0,2048.03,0
0.54,3.63,52.51,0,2048.03,0
1.08,3.33,52.51,0,2048.03,0
1.08,3.16,52.51,0,2048.03,0
1.08,2.98,52.51,0,2048.03,0
1.08,2.75,51.2,0,2048.03,0
1.08,-0.05,51.2,0,2048.03,0
1.08,-0.04,51.2,0,2048.03,0
1.08,-0.1,51.2,0,2048.03,0
1.08,-0.12,51.2,0,2048.03,0
1.08,0.08,51.2,0,2048.03,0
1.35,-0.11,51.2,0,2048.03,0
1.35,0.07,51.2,0,2048.03,0
1.35,-0.06,51.2,0,2048.03,0
1.35,0.08,51.2,0,2048.03,0
1.35,-0.1,49.95,0,2048.03,0
1.35,0.03,49.95,0,2048.03,0
1.35,-0.05,49.95,0,2048.03,0
1.35,0.04,49.95,0,2048.03,0
1.35,-0.02,49.95,0,2048.03,0
1.44,0,49.95,0,2048.03,0
1.44,-0.02,49.95,0,2048.03,0
1.44,0,49.95,0,2048.03,0
1.44,-0.01,49.95,0,2048.03,0
1.44,0,48.76,0,2048.03,0
1.44,-0.01,48.76,0,2048.03,0
2,-0.02,0.06,0,1.97,0
2,0.02,0.06,0,2.13,0
2.01,-0.02,0.06,0,2.3,0
2.01,0,0.06,0,2.62,0
2.01,-0.01,0.06,0,2.62,0
2.01,0.01,0.06,0,2.62,0
2.01,0,0.06,0,2.62,0
2.01,0,0.06,0,2.62,0
2.01,0,0.06,0,2.62,0
2.01,0,2.62,0,2.62,0
2.01,0,2.62,0,2.62,0
1.99,0.01,2.62,0,2.62,0
1.99,0.01,2.62,0,2.62,0
1.99,0,2.62,0,2.62,0
1.99,0.02,2.62,0,2.62,0
1.99,0,2.62,0,2.62,0
1.99,0,2.62,0,2.62,0
1.99,-0.02,1.31,0,2.62,0
1.99,0,1.31,0,2.62,0
1.93,-0.03,1.31,0,2.62,0
1.93,-0.03,1.31,0,2.62,0
1.93,0,1.31,0,2.62,0
1.93,0,1.31,0,2.62,0
1.93,-0.01,1.31,0,2.62,0
1.93,0,1.31,0,2.62,0
1.93,0.03,1.31,0,2.62,0
1.93,0.03,0.87,0,2.62,0
1.93,0,0.87,0,2.62,0
1.94,0,0.87,0,2.62,0
1.94,-0.03,0.87,0,2.62,0
1.94,-0.01,0.87,0,2.62,0
1.94,-0.01,0.87,0,2.62,0
1.94,-0.02,0.87,0,2.62,0
1.94,0,0.87,0,2.62,0
1.94,0,0.87,0,2.62,0
1.94,0.02,0.66,0,2.62,0
1.94,0.01,0.66,0,2.62,0
1.95,0,0.66,0,2.62,0
1.95,-0.02,0.66,0,2.62,0
1.95,-0.02,0.66,0,2.62,0
1.95,0,0.66,0,2.62,0
1.95,-0.02,0.66,0,2.62,0
1.95,-0.01,0.66,0,2.62,0
1.95,0,0.66,0,2.62,0
1.95,0.01,0.52,1.86,2.62,0.08
1.95,0.02,0.52,1.76,2.62,0.07
1.87,0.01,0.52,2.25,2.62,0.06
1.87,-0.01,0.59,2.66,2.95,0.04
1.87,-0.02,0.62,2.83,3.11,0.03
1.87,0,0.66,2.33,3.28,0.06
1.87,-0.02,0.69,3.31,3.44,18.1
1.87,-0.02,0.72,4.21,3.61,40.23
1.87,-0.01,0.82,3.83,4.1,40.23
1.87,0.02,0.71,2.98,4.26,40.23
1.87,0.01,0.74,3.16,4.43,40.23
0.4,0.01,0.79,145.16,4.75,40.22
0.4,0.01,0.87,242.26,5.25,26.94
0.4,0,0.9,260.04,5.41,20.94
0.4,0.01,0.9,266.19,5.41,18.8
0.4,-0.03,0.93,272.91,5.57,17.78
0.4,0,0.98,277.19,5.9,17.68
0.4,0,1.04,278.98,6.23,17.47
0.4,0,0.98,274.14,6.89,17.97
0.02,3.13,1.08,291.73,7.54,17.27
0.02,3.88,1.1,275.6,7.7,18.15
0.02,4.56,1.22,270.9,8.52,18.68
0.02,4.85,1.24,277.24,8.69,18.32
0.02,5.56,1.26,271,8.85,18.49
0.02,6.11,1.29,275.44,9.02,17.94
0.02,6.76,1.36,284.86,9.51,18.13
0.02,7.34,1.25,284.94,10,18.39
0.02,7.99,1.31,274.3,10.49,18.37
0.03,8.62,1.33,285.29,10.66,18.44
0.03,9.13,1.35,279.71,10.82,18.16
0.03,9.73,1.48,280.19,11.8,17.62
0.03,10.25,1.54,282.36,12.3,18.14
0.03,10.8,1.58,277.04,12.62,18.18
0.03,11.27,1.62,279.7,12.95,18.06
0.03,11.78,1.64,274.75,13.11,18.62
0.03,12.16,1.51,274.54,13.61,19.04
0.03,12.5,1.58,282.88,14.26,19.5
0.04,12.79,1.64,278.34,14.75,18.75
0.04,13.07,1.66,264.39,14.92,18.97
0.04,13.33,1.69,271.35,15.25,18.63
0.04,13.49,1.73,275.55,15.57,18.21
0.04,13.67,1.75,275.41,15.74,17.89
0.04,13.8,1.79,280.21,16.07,17.9
0.04,13.9,1.82,274.59,16.39,17.92
0.04,13.97,1.86,273.01,16.72,18.26
0.04,14.05,1.7,282.08,17.05,18.33
0.06,14.11,1.75,266.94,17.54,18.1
0.06,14.13,1.84,271.44,18.36,18.5
0.06,14.18,1.84,268.94,18.36,18.13
0.06,14.19,1.92,279.29,19.18,18.16
0.06,14.21,1.95,264.85,19.51,18.11
0.06,14.21,1.98,273.36,19.84,17.99
0.06,14.25,2,265.9,20,18.37
0.06,14.23,2,270.75,20,17.93
0.06,14.22,1.82,275.95,20,17.89
0.06,14.2,1.83,269.99,20.16,18.16
0.04,14.17,1.88,280.44,20.66,18.45
0.04,14.15,1.91,268.19,20.98,18.34
0.04,14.09,1.91,266.73,20.98,18.54
0.04,14.03,1.91,281.33,20.98,17.7
0.04,13.97,1.95,259.94,21.48,18.61
0.04,13.92,1.97,270.86,21.64,18.48
0.04,13.83,2,280.73,21.97,19.13
0.04,13.78,1.86,279.58,22.3,17.99
0.04,13.69,1.89,262.33,22.62,18.07
0,13.58,1.9,267.9,22.79,18.1
0,13.49,1.93,271.04,23.11,18.15
0,13.38,1.94,267.05,23.28,18.1
0,13.29,1.94,271.39,23.28,18.14
0,13.16,1.94,271.21,23.28,17.77
0,13.05,1.97,278.41,23.61,17.42
0,12.91,1.99,263.11,23.93,18.54
0,12.8,1.88,268.69,24.43,18.57
0,12.7,1.9,286.01,24.75,18.38
0,12.61,1.92,258.79,24.92,18.61
0,12.5,1.93,276.14,25.08,18.27
0,12.35,1.93,267.49,25.08,18.92
0,12.25,1.93,270.98,25.08,18.47
0,12.16,1.93,268.01,25.08,18.33
0,12.04,1.93,269.81,25.08,18.72
0,11.93,1.93,272.24,25.08,18.05
0,11.85,1.8,271.33,25.25,18.04
0,11.72,1.8,265.84,25.25,18.04
-0.01,11.63,1.81,274.09,25.41,18.32
-0.01,11.55,1.84,272.9,25.74,18.29
-0.01,11.47,1.86,264.31,26.07,18.23
-0.01,11.39,1.89,278.7,26.39,17.77
-0.01,11.3,1.9,267.21,26.56,18.23
-0.01,11.23,1.91,270.25,26.72,18.32
-0.01,11.16,1.91,270.28,26.72,18.23
-0.01,11.12,1.78,271.58,26.72,18.68
-0.01,11.02,1.8,267.94,27.05,18.86
-0.04,10.97,1.84,272.43,27.54,17.84
-0.04,10.89,1.85,270.09,27.7,18.41
-0.04,10.84,1.86,268.08,27.87,18.39
-0.04,10.82,1.87,264.15,28.03,18.54
-0.04,10.77,1.88,269.89,28.2,18.89
-0.04,10.75,1.89,266.24,28.36,18.6
-0.04,10.72,1.91,273.8,28.69,18.26
-0.04,10.68,1.91,271.18,28.69,18.23
-0.04,10.64,1.8,267.33,28.85,18.23
-0.03,10.61,1.81,268.5,29.02,17.83
-0.03,10.56,1.81,266.88,29.02,18.3
-0.03,10.54,1.83,272.8,29.34,18.8
-0.03,10.47,1.84,269.88,29.51,18.67
-0.03,10.45,1.86,273.71,29.84,18.18
-0.03,10.42,1.86,270.46,29.84,18.57
-0.03,10.43,1.9,271.58,30.33,18.37
-0.03,10.38,1.8,271.35,30.66,18.27
0.02,10.3,1.83,268.96,31.15,18.57
0.02,10.33,1.85,269.98,31.48,18.75
0.02,10.3,1.89,268.33,32.13,18.99
0.02,10.31,1.89,267.83,32.13,18.82
0.02,10.28,1.89,273.06,32.13,18.38
0.02,10.25,1.89,267.11,32.13,18.92
0.02,10.25,1.89,266.36,32.13,18.56
0.02,10.24,1.9,267.5,32.3,18.85
0.02,10.24,1.81,275.7,32.62,18.74
0.02,10.24,1.82,270.36,32.79,18.51
0.03,10.22,1.83,268.33,32.95,18.36
0.03,10.24,1.87,269.05,33.61,18.06
0.03,10.24,1.89,277.08,34.1,18.19
0.03,10.23,1.9,269.68,34.26,18.27
0.03,10.23,1.91,270.29,34.43,18.38
0.03,10.22,1.91,266.76,34.43,18.37
0.03,10.21,1.92,268.4,34.59,18.22
0.03,10.2,1.83,270.15,34.75,18.46
0.03,10.2,1.83,271.68,34.75,18.05
0.05,10.2,1.84,270.19,34.92,18.42
0.05,10.24,1.85,271.16,35.08,18.63
0.05,10.26,1.85,265.73,35.08,18.53
0.05,10.28,1.86,273.58,35.41,18.26
0.05,10.26,1.87,270.33,35.57,18.25
0.05,10.3,1.88,266.3,35.74,18.4
0.05,10.31,1.89,266.78,35.9,18.52
0.05,10.33,1.81,272.41,36.23,18.39
0.05,10.32,1.81,264.48,36.23,18.65
0.07,10.35,1.81,271.41,36.23,18.8
0.07,10.36,1.82,267.34,36.39,18.7
0.07,10.4,1.82,267.7,36.39,18.79
0.07,10.41,1.84,272.51,36.72,18.39
0.07,10.46,1.84,274.31,36.89,18.17
0.07,10.48,1.85,264.36,37.05,18.68
0.07,10.49,1.87,267.83,37.38,18.5
0.07,10.48,1.8,270.04,37.87,18.63
0.07,10.5,1.8,265.99,37.87,18.04
0.01,10.53,1.8,268.65,37.87,18.55
0.01,10.51,1.81,269.63,38.03,18.66
0.01,10.5,1.82,267.85,38.2,18.64
0.01,10.52,1.83,266,38.36,18.48
0.01,10.54,1.84,267.9,38.69,18.76
0.01,10.57,1.85,272.83,38.85,18.35
0.01,10.58,1.86,272.44,39.02,18.6
0.01,10.6,1.79,268.2,39.34,18.29
0.01,10.63,1.8,270.19,39.67,18.56
-0.01,10.61,1.82,264.16,40,18.8
-0.01,10.66,1.83,273.44,40.33,17.94
-0.01,10.69,1.83,270.06,40.33,18.41
-0.01,10.67,1.85,274.95,40.66,18.24
-0.01,10.67,1.85,270.74,40.66,18.24
-0.01,10.67,1.86,275.95,40.98,17.52
-0.01,10.68,1.88,273.96,41.31,18.1
-0.01,10.73,1.89,271.24,41.48,18.81
-0.01,10.75,1.81,264.93,41.64,19.15
-0.01,10.77,1.82,271.68,41.97,18.51
-0.01,10.74,1.83,269.45,42.13,18.38
-0.01,10.75,1.84,272.6,42.3,18.59
-0.01,10.81,1.85,270.18,42.62,18.64
-0.01,10.84,1.86,269.11,42.79,18.56
-0.01,10.81,1.87,273.63,42.95,18.19
-0.01,10.84,1.88,270.85,43.28,18.47
-0.01,10.82,1.89,271.85,43.44,18.26
-0.01,10.86,1.83,272.3,43.93,18.33
-0.03,10.86,1.83,267.08,43.93,18.09
-0.03,10.91,1.84,270,44.26,18.28
-0.03,10.91,1.85,271.18,44.43,17.87
-0.03,10.91,1.86,269.24,44.59,18.25
-0.03,10.94,1.87,273.14,44.92,17.98
-0.03,10.98,1.88,262.73,45.08,18.86
-0.03,11.01,1.89,265.98,45.25,18.52
-0.03,11.01,1.89,268.49,45.25,18.13
-0.03,11.02,1.82,270.53,45.57,18.45
-0.03,11.03,1.82,273.08,45.57,18.01
-0.05,11.05,1.83,270.56,45.74,18.4
-0.05,11.07,1.83,270.79,45.74,18.53
-0.05,11.09,1.83,267.65,45.74,18.62
-0.05,11.12,1.84,271.46,45.9,18.77
-0.05,11.12,1.85,269.88,46.23,18.64
-0.05,11.15,1.86,269.11,46.39,18.77
-0.05,11.2,1.86,268.45,46.39,18.74
-0.05,11.21,1.78,264.68,46.39,18.7
-0.05,11.2,1.79,274.5,46.56,18.52
0.01,11.22,1.79,273.98,46.56,18.72
0.01,11.21,1.8,276.03,46.72,19.03
0.01,11.23,1.81,267.95,47.05,18.27
0.01,11.28,1.82,268.76,47.38,18.61
0.01,11.28,1.83,266.76,47.54,18.89
0.01,11.25,1.83,271.3,47.54,18.2
0.01,11.29,1.76,266.65,47.54,18.32
0.01,11.32,1.77,267.83,47.7,18.05
0.02,11.33,1.78,263.96,48.03,18.83
0.02,11.33,1.79,263.16,48.2,18.82
0.02,11.37,1.79,263.93,48.2,18.57
0.02,11.37,1.79,266.91,48.36,18.65
0.02,11.37,1.79,269.71,48.36,18.41
0.02,11.39,1.79,270.34,48.36,18.74
0.02,11.41,1.79,269.23,48.36,18.6
0.02,11.4,1.73,268,48.52,18.4
0.02,11.45,1.74,257.84,48.85,19.2
0.04,11.43,1.75,271.14,49.02,18.58
0.04,11.5,1.76,273.39,49.18,18.49
0.04,11.51,1.76,268.34,49.34,18.27
0.04,11.49,1.77,275.81,49.51,18.48
0.04,11.52,1.77,264.04,49.51,18.77
0.04,11.49,1.77,265.01,49.51,18.79
0.04,11.52,1.77,268.51,49.51,18.89
0.04,11.52,1.71,273.74,49.67,18.38
0.04,11.55,1.72,267.03,49.84,18.38
0.05,11.56,1.72,266.76,50,18.66
0.05,11.59,1.74,271.18,50.49,18.92
0.05,11.58,1.75,273.1,50.82,18.91
0.05,11.65,1.76,269.15,50.98,18.76
0.05,11.64,1.76,268.76,50.98,18.74
0.05,11.67,1.76,266.11,50.98,18.5
0.05,11.67,1.76,266.3,50.98,18.61
0.05,11.66,1.7,270.51,50.98,17.9
0.05,11.66,1.7,274.83,50.98,18.18
0.05,11.68,1.7,267.83,51.15,18.18
0.05,11.7,1.71,272.16,51.31,18.33
0.05,11.73,1.71,266.34,51.31,18.05
0.05,11.74,1.71,268.64,51.31,18.29
0.05,11.75,1.72,196.65,51.64,18.2
0.05,11.76,1.72,39.03,51.64,30.28
0.05,11.78,1.72,0,51.64,0
0.05,11.81,1.74,0,52.13,0
0.05,11.8,1.69,0,52.3,0
-0.02,11.82,1.69,0,52.3,0
-0.02,11.81,1.71,0,52.95,0
-0.02,11.82,1.72,0,53.28,0
-0.02,11.83,1.72,0,53.44,0
-0.02,11.84,1.72,0,53.44,0
-0.02,11.84,1.73,0,53.61,0
-0.02,11.85,1.73,0,53.61,0
-0.02,11.87,1.73,0,53.61,0
-0.02,11.86,1.68,0,53.61,0
-0.02,11.85,1.68,0,53.61,0
0.42,11.82,1.68,0,53.61,0
0.42,11.77,1.68,0,53.61,0
0.42,11.69,1.68,0,53.61,0
0.42,11.65,1.68,0,53.61,0
0.42,11.58,1.68,0,53.61,0
0.42,11.46,1.68,0,53.61,0
0.42,11.3,1.68,0,53.61,0
0.42,11.16,1.62,0,53.61,0
0.42,10.89,1.63,0,53.77,0
0.89,10.65,1.63,0,53.77,0
0.89,10.37,1.63,0,53.77,0
0.89,10.05,1.63,0,53.77,0
0.89,9.65,1.63,0,53.77,0
0.89,9.22,1.63,0,53.77,0
0.89,8.88,1.63,0,53.77,0
0.89,8.44,1.63,0,53.77,0
0.89,8.07,1.58,0,53.77,0
0.89,7.59,1.58,0,53.77,0
1.31,7.18,1.58,0,53.77,0
1.31,6.74,1.58,0,53.77,0
1.31,6.4,1.58,0,53.77,0
1.31,5.98,1.58,0,53.77,0
1.31,5.65,1.58,0,53.77,0
1.31,5.27,1.58,0,53.77,0
1.31,4.87,1.58,0,53.77,0
1.31,4.58,1.54,0,53.77,0
1.31,4.26,1.54,0,53.77,0
1.69,4.01,1.54,0,53.77,0
1.69,3.68,1.54,0,53.77,0
1.69,3.44,1.54,0,53.77,0
1.69,3.23,1.54,0,53.77,0
1.69,3.03,1.54,0,53.77,0
2.9,-0.01,0.22,0,3.93,81.91
2.9,0.03,0.22,0,3.93,81.91
2.9,-0.02,0.22,0,4.43,81.91
2.9,0.03,0.22,0,4.75,81.91
2.9,0.02,0.22,0,4.92,81.91
2.9,-0.01,0.22,0,5.25,81.91
2.9,0,0.22,0,5.41,81.91
2.9,-0.01,0.22,0,5.57,81.91
2.91,0,0.22,0,5.74,81.91
2.91,0,5.9,0,5.9,81.91
2.91,0,5.9,0,5.9,81.91
2.91,0,6.07,0,6.07,81.91
2.91,0,6.07,0,6.07,81.91
2.91,-0.01,6.23,0,6.23,81.91
2.91,-0.01,6.23,0,6.23,81.91
2.91,-0.01,6.23,0,6.23,81.91
2.89,0.02,3.11,0,6.23,81.91
2.89,-0.01,3.11,0,6.23,81.91
2.89,0,3.11,0,6.23,81.91
2.89,0.03,3.11,0,6.23,81.91
2.89,0.02,3.11,0,6.23,81.91
2.89,0.01,3.11,0,6.23,81.91
2.89,-0.01,3.11,0,6.23,81.91
2.89,0,3.11,0,6.23,81.91
2.89,-0.02,3.11,0,6.23,81.91
2.87,-0.03,3.11,0,6.23,81.91
2.87,0,2.08,0,6.23,81.91
2.87,-0.01,2.08,0,6.23,81.91
2.87,-0.01,2.08,0,6.23,81.91
2.87,-0.01,2.08,0,6.23,81.91
2.87,0,2.08,0,6.23,81.91
2.87,-0.01,2.08,0,6.23,81.91
2.87,0.03,2.08,0,6.23,81.91
2.87,0,2.08,0,6.23,81.91
2.84,0.01,2.08,0,6.23,81.91
2.84,0,1.56,0,6.23,81.91
2.84,0,1.56,0,6.23,81.91
2.84,-0.02,1.56,0,6.23,81.91
2.84,-0.03,1.56,0,6.23,81.91
2.84,0,1.56,0,6.23,81.91
2.84,0,1.56,0,6.23,81.91
2.84,-0.02,1.56,0,6.23,81.91
2.84,-0.02,1.56,0,6.23,81.91
2.83,0,1.56,0,6.23,81.91
2.83,0.01,1.25,1.1,6.23,0.03
2.83,0.02,1.25,1.18,6.23,0.01
2.83,0.01,1.25,1.31,6.23,0.02
2.83,0.02,1.31,1.11,6.56,0.02
2.83,0,1.38,1.34,6.89,0.01
2.83,0.02,1.48,0.86,7.38,0.05
2.83,0,1.57,1.39,7.87,0.02
2.83,0.02,1.8,1.7,9.02,24.47
2.83,0,2.23,2.61,11.15,40.23
1.3,0.01,2.46,2.46,12.3,40.23
1.3,-0.03,2.32,3.2,13.93,40.23
1.3,0,2.68,2.63,16.07,40.23
1.3,0,3.22,2.64,19.34,40.23
1.3,0,3.52,2.31,21.15,40.23
1.3,0.02,3.96,71.84,23.77,40.23
1.3,3.41,5.22,137.13,31.31,26.99
1.3,4.69,6.39,169.75,38.36,20.39
1.3,6.47,7.4,131.25,44.43,19.27
0.58,8.24,8.63,100.2,51.8,19.57
0.58,9.97,8.27,89.49,57.87,19.48
0.58,11.3,9.23,92.35,64.59,18.86
0.58,13,10.16,124.39,71.15,18.81
0.58,14.57,11.1,136.6,77.7,18.86
0.58,16.19,12.11,135.09,84.75,18.86
0.58,17.6,13.19,128.36,92.3,19
0.58,18.96,14.07,117.99,98.52,18.99
0.58,20.48,15.15,116.93,106.07,18.8
0.38,21.75,16.11,125.16,112.79,19.03
0.38,23.13,15.02,122.91,120.16,18.75
0.38,24.24,15.84,125.14,126.72,19.23
0.38,25.49,16.72,121.85,133.77,19.09
0.38,26.65,17.54,119.81,140.33,18.87
0.38,27.91,18.46,123.86,147.7,18.83
0.38,28.9,19.28,124.01,154.26,19.04
0.38,30,20.14,121.94,161.15,18.85
0.38,31.02,21.05,121.34,168.36,19.11
0.35,31.9,21.91,120.18,175.25,19.07
0.35,32.85,20.29,121.26,182.62,19.15
0.35,33.59,21.04,125.7,189.34,19.03
0.35,34.36,21.95,123.73,197.54,19.21
0.35,34.94,22.7,120.3,204.26,19.31
0.35,35.48,23.53,117.4,211.8,19.37
0.35,35.89,24.21,116.88,217.87,19.19
0.35,36.28,25.05,119.74,225.41,18.88
0.35,36.55,25.74,123.11,231.64,18.98
0.32,36.83,26.52,122.34,238.69,19.29
0.32,37.03,24.62,125.28,246.23,19.21
0.32,37.19,25.25,116.96,252.46,18.93
0.32,37.29,26,123.53,260,19.25
0.32,37.38,26.62,123.88,266.23,18.98
0.32,37.43,27.44,118.46,274.43,19.02
0.32,37.44,28.05,123.65,280.49,19.11
0.32,37.37,28.82,122.26,288.2,19.26
0.32,37.31,29.48,124.2,294.75,18.73
0.33,37.18,30.26,123.38,302.62,19.22
0.33,37.06,28.12,121.78,309.34,19.27
0.33,36.88,28.84,120.3,317.21,18.94
0.33,36.66,29.49,122.63,324.43,19.34
0.33,36.42,30.06,119.66,330.66,19.2
0.33,36.07,30.77,118.3,338.52,19.18
0.33,35.66,31.37,118.63,345.08,19.28
0.33,35.22,32.1,117.24,353.11,19.37
0.33,34.84,32.77,122.15,360.49,18.87
0.32,34.36,33.52,119.69,368.69,19.19
0.32,33.94,31.27,121.03,375.25,19.06
0.32,33.45,31.9,124.05,382.79,18.84
0.32,33.02,32.43,119.24,389.18,19.33
0.32,32.48,33.06,126.76,396.72,19.06
0.32,31.93,33.72,120.61,404.59,19.23
0.32,31.45,34.28,119.8,411.31,19.11
0.32,30.92,34.89,127.75,418.69,19.18
0.32,30.45,35.42,121.5,425.08,19.16
0.32,29.86,36.05,119.15,432.62,19.37
0.36,29.36,36.6,121.79,439.18,19.23
0.36,28.86,34.35,123.26,446.56,19.03
0.36,28.42,34.84,126.03,452.95,19.16
0.36,27.88,35.44,121.58,460.66,18.82
0.36,27.39,35.99,119.54,467.87,19.25
0.36,27.01,36.51,119.46,474.59,19.22
0.36,26.58,37.1,125.69,482.3,18.77
0.36,26.23,37.6,127.55,488.85,19.22
0.36,25.87,38.21,127.98,496.72,19.07
0.38,25.58,38.74,119.9,503.61,19.16
0.38,25.23,36.56,127.23,511.8,19.04
0.38,24.96,37.03,122.28,518.36,19.24
0.38,24.7,37.6,125.44,526.39,19.11
0.38,24.43,38.1,123.33,533.44,18.75
0.38,24.22,38.58,127.16,540.16,19.17
0.38,23.97,39.11,127.81,547.54,19.04
0.38,23.77,39.71,127.79,555.9,18.58
0.43,23.6,40.32,123.14,564.43,18.88
0.43,23.36,38.28,123.85,574.26,19.11
0.43,23.19,38.93,130.46,583.93,18.91
0.43,23.03,39.61,128.69,594.1,18.99
0.43,23.01,39.64,128.26,594.59,18.65
0.43,22.93,40.12,132.06,601.8,18.53
0.43,22.83,40.56,128.81,608.36,18.69
0.43,22.78,40.98,117.03,614.75,19.01
0.43,22.7,41.49,121.43,622.3,18.92
0.39,22.61,41.89,122.99,628.36,18.91
0.39,22.54,39.73,129.36,635.74,19.05
0.39,22.48,40.17,130.11,642.79,18.74
0.39,22.4,40.57,124.35,649.18,18.72
0.39,22.34,41.02,126.71,656.39,19.04
0.39,22.29,41.45,121.09,663.28,18.84
0.39,22.24,41.85,128.65,669.67,18.88
0.39,22.18,42.31,124.76,676.89,18.74
0.39,22.14,42.69,119.23,683.11,18.79
0.39,22.07,43.16,125.76,690.49,19.04
0.39,22.04,41.01,125.41,697.21,18.84
0.39,22.03,41.45,119.23,704.59,18.65
0.39,22.01,41.89,124.51,712.13,18.64
0.39,21.96,42.25,128.46,718.2,18.98
0.39,21.95,42.7,126.15,725.9,18.95
0.39,21.93,43.08,123.44,732.3,18.82
0.39,21.92,43.54,124.04,740.16,18.81
0.39,21.89,43.92,121.44,746.72,18.65
0.37,21.9,44.29,121.61,752.95,19.09
0.37,21.89,42,127.05,756.07,18.58
0.37,21.89,42.4,126.56,763.28,19.08
0.37,21.89,42.76,126.13,769.67,18.65
0.37,21.84,43.16,121.08,776.89,18.75
0.37,21.86,43.54,127.56,783.77,18.66
0.37,21.86,43.93,129.69,790.82,18.54
0.37,21.88,44.25,120.46,796.56,18.99
0.37,21.87,44.67,130.59,804.1,18.89
0.35,21.86,45.05,122.45,810.98,18.98
0.35,21.86,43.05,124.51,817.87,18.68
0.35,21.91,43.41,125.8,824.75,18.88
0.35,21.9,43.73,126.18,830.82,18.44
0.35,21.9,44.12,116.76,838.36,18.85
0.35,21.9,44.45,124.38,844.59,19.07
0.35,21.92,44.84,124.33,851.97,18.88
0.35,21.88,45.23,120.28,859.34,19.07
0.35,21.89,45.57,128.35,865.74,18.93
0.35,21.93,45.95,118.4,873.11,19.21
0.35,21.95,46.32,119.2,880,19.17
0.35,21.92,44.36,124.39,887.21,19.05
0.35,21.94,44.7,130.53,894.1,18.8
0.35,21.98,45.05,122.53,900.98,19.09
0.35,21.99,45.37,117.71,907.38,18.9
0.35,22,45.72,122,914.43,19.12
0.35,22.02,46.04,128.43,920.82,18.64
0.35,22.06,46.41,130.26,928.2,18.85
0.35,22.04,46.76,121.73,935.25,18.83
0.36,22.06,47.09,119.78,941.8,19.28
0.36,22.05,45.19,124,949.02,18.74
0.36,22.07,45.48,127.93,955.08,18.94
0.36,22.11,45.88,128.11,963.44,18.84
0.36,22.15,46.2,121.23,970.16,18.78
0.36,22.12,46.52,126.76,976.89,18.73
0.36,22.13,46.84,122.43,983.61,18.98
0.36,22.19,47.21,117.73,991.48,19.22
0.36,22.19,47.54,126.71,998.36,18.82
0.33,22.25,47.89,122.74,1005.74,18.78
0.33,22.3,46.05,122.81,1013.12,19.09
0.33,22.29,46.36,123.68,1020,19.11
0.33,22.29,46.68,118.38,1026.89,18.93
0.33,22.3,46.98,126.71,1033.61,19.17
0.33,22.34,47.32,126.33,1041.15,19.04
0.33,22.34,47.62,120.03,1047.54,19.2
0.33,22.35,47.94,128.49,1054.75,19.09
0.33,22.35,48.23,122.58,1060.98,19.16
0.29,22.33,48.55,128.95,1068.03,18.96
0.29,22.34,46.74,126.79,1074.92,18.57
0.29,22.38,47.05,128.93,1082.13,18.98
0.29,22.39,47.38,119.13,1089.84,18.78
0.29,22.42,47.66,127.66,1096.23,18.74
0.29,22.46,47.99,117.64,1103.77,18.99
0.29,22.48,48.31,126.51,1111.15,19.01
0.29,22.45,48.67,130.33,1119.34,18.96
0.29,22.48,48.94,123.7,1125.57,18.96
0.29,22.49,49.26,125.03,1132.95,18.97
0.29,22.51,47.44,119.6,1138.53,19.15
0.29,22.5,47.77,124.71,1146.56,18.88
0.29,22.46,48.03,124.89,1152.79,19.12
0.29,22.49,48.31,125,1159.34,19.1
0.29,22.47,48.58,124.38,1165.9,18.62
0.29,22.51,48.86,123.88,1172.62,18.74
0.29,22.5,49.23,127.93,1181.48,18.89
0.29,22.53,49.6,124.35,1190.49,19.12
0.27,22.53,47.99,119.53,1199.84,18.68
0.27,22.52,48.37,130.99,1209.18,18.79
0.27,22.52,48.72,124.54,1218.03,19.05
0.27,22.56,48.8,124.24,1220,18.81
0.27,22.55,49.1,130.63,1227.38,18.83
0.27,22.55,49.36,126.9,1234.1,18.56
0.27,22.53,49.65,124.19,1241.31,18.44
0.27,22.56,49.91,123.89,1247.71,18.84
0.29,22.55,50.2,118.63,1255.08,18.99
0.29,22.55,48.52,127.16,1261.48,18.85
0.29,22.55,48.83,118.31,1269.67,18.74
0.29,22.58,49.07,129.41,1275.9,18.55
0.29,22.58,49.37,125.64,1283.61,18.52
0.29,22.58,49.63,126.93,1290.33,18.65
0.29,22.6,49.93,123.78,1298.2,19.11
0.29,22.6,50.17,119.99,1304.43,19.12
0.29,22.64,50.45,125.44,1311.8,18.98
0.29,22.63,50.75,124.78,1319.51,18.76
0.28,22.67,50.96,126.83,1324.92,19
0.28,22.63,49.37,122.28,1333.12,18.95
0.28,22.63,49.62,124.31,1339.67,19.09
0.28,22.63,49.91,116.06,1347.54,19.05
0.28,22.63,50.16,120.96,1354.26,18.88
0.28,22.61,50.43,124.78,1361.64,19.18
0.28,22.6,50.68,124.66,1368.36,18.85
0.28,22.57,50.96,126.36,1375.9,18.52
0.28,22.57,51.21,124.36,1382.62,18.65
0.35,22.57,51.48,121.66,1390,18.85
0.35,22.62,49.91,126.09,1397.54,18.75
0.35,22.6,50.15,115.83,1404.1,18.85
0.35,22.6,50.43,117.3,1411.97,19.12
0.35,22.59,50.67,122.64,1418.85,19.07
0.35,22.58,50.96,118.28,1426.89,19.34
0.35,22.58,51.19,124.91,1433.28,18.84
0.35,22.55,51.42,124.58,1439.84,18.88
0.35,22.55,51.7,126.36,1447.54,19.01
0.32,22.54,51.92,121.65,1453.77,18.83
0.32,22.56,50.4,117.79,1461.48,19.24
0.32,22.52,50.66,117.39,1469.02,18.85
0.32,22.52,50.9,118.55,1476.23,18.91
0.32,22.51,51.12,118.34,1482.62,19.16
0.32,22.52,51.35,115.35,1489.18,18.94
0.32,22.51,51.57,117.16,1495.57,19.47
0.32,22.48,51.84,116.79,1503.28,18.93
0.32,22.49,52.09,116.81,1510.49,19.14
0.31,22.5,52.33,116.48,1517.71,18.94
0.31,22.49,50.81,114.49,1524.43,19.45
0.31,22.44,51.09,116.31,1532.62,19.37
0.31,22.46,51.3,116.13,1538.85,19.16
0.31,22.45,51.53,119.39,1545.9,19.19
0.31,22.42,51.81,118.83,1554.26,19.22
0.31,22.4,52.03,116.69,1560.98,18.84
0.31,22.42,52.24,114.94,1567.21,19.07
0.31,22.39,52.47,119.2,1574.1,19.3
0.3,22.38,52.77,120.64,1582.95,18.91
0.3,22.38,51.33,122.23,1591.31,19.05
0.3,22.4,51.59,117.99,1599.18,18.96
0.3,22.38,51.82,119.46,1606.56,19.33
0.3,22.39,52.07,117.71,1614.26,19.4
0.3,22.38,52.28,123.28,1620.82,18.79
0.3,22.38,52.53,115.76,1628.53,19.36
0.3,22.37,52.76,116.75,1635.57,18.92
0.3,22.36,52.98,117.71,1642.46,19.36
0.34,22.32,53.2,116.94,1649.18,19.36
0.34,22.32,51.74,115.85,1655.74,19.2
0.34,22.33,51.98,114.15,1663.44,19.24
0.34,22.32,52.19,112.51,1670,19.38
0.34,22.28,52.4,118.16,1676.89,19.32
0.34,22.25,52.63,115.78,1684.1,18.99
0.34,22.27,52.84,117.44,1690.98,18.96
0.34,22.24,53.03,116.85,1696.89,19.39
0.34,22.27,53.3,114.56,1705.57,19.18
0.38,22.28,53.49,115.39,1711.8,19.13
0.38,22.29,52.1,118.96,1719.18,18.88
0.38,22.25,52.3,120.86,1725.9,18.77
0.38,22.25,52.5,120.68,1732.46,19.23
0.38,22.21,52.73,118.25,1740.16,19.42
0.38,22.21,52.92,121.39,1746.23,19.25
0.38,22.2,53.15,119.44,1754.1,19.35
0.38,22.18,53.33,121.59,1760,19.19
0.38,22.13,53.57,121.33,1767.87,19.22
0.38,22.13,53.78,116.24,1774.59,18.9
0.4,22.13,54,115.19,1781.97,19.38
0.4,22.13,52.64,115.81,1789.67,19.28
0.4,22.09,52.82,116.7,1795.9,19.31
0.4,22.12,53.05,116.21,1803.77,19.42
0.4,22.1,53.3,118.71,1812.13,19.33
0.4,22.09,53.52,117.33,1819.67,19.32
0.4,22.03,53.77,120.25,1828.2,19.11
0.4,22.02,54.04,117.06,1837.21,19.17
0.4,22,54.32,114.16,1847.05,19.09
0.4,21.98,53.04,118.81,1856.56,19.36
0.4,21.98,53.31,118.96,1865.9,18.99
0.4,21.93,53.39,117.19,1868.69,19.03
0.4,21.9,53.58,117.8,1875.41,19.27
0.4,21.89,53.8,115.15,1882.95,18.75
0.4,21.88,53.98,115.25,1889.18,19.11
0.4,21.86,54.22,118.91,1897.54,19.03
0.4,21.84,54.4,119.36,1903.93,19.24
0.38,21.83,54.64,117.25,1912.46,18.98
0.38,21.8,53.31,115.36,1919.18,19.07
0.38,21.83,53.52,113.91,1926.56,19.39
0.38,21.8,53.71,115.1,1933.61,19.33
0.38,21.78,53.92,115.99,1941.15,19.02
0.38,21.75,54.15,115.2,1949.51,19.31
0.38,21.73,54.34,116.3,1956.07,19.3
0.38,21.73,54.56,117.51,1964.1,19.27
0.38,21.71,54.75,116.8,1970.98,19.27
0.39,21.68,54.97,114.38,1979.02,19.18
0.39,21.71,53.67,115.54,1985.9,19.42
0.39,21.7,53.89,115.65,1994.1,19.09
0.39,21.67,54.07,118.2,2000.49,19.27
0.39,21.66,54.28,117.75,2008.36,19.02
0.39,21.65,54.45,123.81,2014.59,18.99
0.39,21.68,54.58,49.2,2019.34,34.84
0.39,21.62,54.59,0,2020,0
0.39,21.61,54.63,0,2021.15,0
0.37,21.57,54.64,0,2021.8,0
0.37,21.56,53.22,0,2022.3,0
0.37,21.55,53.31,0,2025.9,0
0.37,21.52,53.34,0,2026.89,0
0.37,21.5,53.35,0,2027.21,0
0.37,21.49,53.36,0,2027.71,0
0.37,21.46,53.37,0,2028.2,0
0.37,21.44,53.38,0,2028.36,0
0.37,21.4,53.38,0,2028.36,0
1.08,21.39,53.38,0,2028.53,0
1.08,21.36,52.01,0,2028.53,0
1.08,21.21,52.01,0,2028.53,0
1.08,21.04,52.01,0,2028.53,0
1.08,20.77,52.01,0,2028.53,0
1.08,20.32,52.01,0,2028.53,0
1.08,19.76,52.01,0,2028.53,0
1.08,19.12,52.01,0,2028.53,0
1.08,18.18,52.01,0,2028.53,0
1.97,17.18,52.01,0,2028.53,0
1.97,16.05,50.71,0,2028.53,0
1.97,15.01,50.71,0,2028.53,0
1.97,13.86,50.71,0,2028.53,0
1.97,12.84,50.71,0,2028.53,0
1.97,11.76,50.71,0,2028.53,0
1.97,10.65,50.71,0,2028.53,0
1.97,9.64,50.71,0,2028.53,0
1.97,8.8,50.71,0,2028.53,0
1.97,7.92,50.71,0,2028.53,0
2.56,7.11,50.71,0,2028.53,0
2.56,6.32,49.48,0,2028.53,0
2.56,5.59,49.48,0,2028.53,0
2.56,4.93,49.48,0,2028.53,0
2.56,4.33,49.48,0,2028.53,0
2.56,3.85,49.48,0,2028.53,0
2.56,3.36,49.48,0,2028.53,0
2.56,3,49.48,0,2028.53,0
2.56,2.61,49.48,0,2028.53,0
2.83,0.03,49.48,0,2028.53,0
2.83,-0.02,48.3,0,2028.53,0
2.83,0.03,48.3,0,2028.53,0
2.83,-0.01,48.3,0,2028.53,0
2.83,0.01,48.3,0,2028.53,0
2.83,0,48.3,0,2028.53,0
3.08,-0.04,0,0,32.46,0
3.08,0,0,0,38.36,0
3.08,0.03,0,0,40.16,0
3.08,-0.06,0,0,41.97,0
3.05,0.04,0,0,43.28,0
3.05,-0.03,0,0,44.26,0
3.05,0.02,0,0,45.41,0
3.05,-0.02,0,0,46.56,0
3.05,0,47.54,0,47.54,0
3.05,-0.02,48.52,0,48.52,0
3.05,0.02,49.34,0,49.34,0
3.05,0.03,49.84,0,49.84,0
3.05,-0.01,50.66,0,50.66,0
3.03,0.04,51.15,0,51.15,0
3.03,0.02,51.64,0,51.64,0
3.03,0,52.13,0,52.13,0
3.03,0.01,26.15,0,52.3,0
3.03,-0.01,26.23,0,52.46,0
3.03,0.03,26.23,0,52.46,0
3.03,0.04,26.23,0,52.46,0
3.03,0.03,26.23,0,52.46,0
3.03,0.02,26.23,0,52.46,0
3.03,0.02,26.23,0,52.46,0
3.03,0.01,26.23,0,52.46,0
3.03,0,26.23,0,52.46,0
3.03,-0.05,17.49,0,52.46,0
3.03,-0.03,17.49,0,52.46,0
3.03,-0.02,17.49,0,52.46,0
3.03,-0.01,17.49,0,52.46,0
3.03,0,17.49,0,52.46,0
3.03,-0.02,17.49,0,52.46,0
3.04,-0.02,17.49,0,52.46,0
3.04,-0.01,17.49,0,52.46,0
3.04,0.02,17.49,0,52.46,0
3.04,0,17.49,0,52.46,0
3.04,0.03,13.11,0,52.46,0
3.04,0,13.11,0,52.46,0
3.04,0,13.11,0,52.46,0
3.04,-0.03,13.11,0,52.46,0
3.04,-0.02,13.11,0,52.46,0
3.05,-0.06,13.11,0,52.46,0
3.05,-0.04,13.11,0,52.46,0
3.05,-0.03,13.11,0,52.46,0
3.05,-0.01,13.11,0,52.46,0
3.05,-0.01,10.49,1.39,52.46,0.01
3.05,-0.03,10.56,1.66,52.79,0.01
3.05,-0.01,11.7,1.33,58.52,0.02
3.05,0.03,12.39,0.69,61.97,0.08
3.05,0.03,12.66,0.75,63.28,0.07
1.84,0,12.89,1.2,64.43,0.06
1.84,0.01,12.98,1.96,64.92,33.6
1.84,-0.01,13.34,2.54,66.72,40.23
1.84,-0.01,13.44,2.51,67.21,40.23
1.84,0,11.26,150.34,67.54,34.34
1.84,0,12.13,213.71,72.79,26.43
1.84,-0.04,16.23,263.63,97.38,21.7
1.84,-0.03,19.07,283.43,114.43,17.26
1.84,-0.04,21.31,279.68,127.87,15.77
0.62,-0.01,24.43,283.75,146.56,15.26
0.62,-0.01,27.6,291.49,165.57,15.43
0.62,3.44,30.19,285.95,181.15,15.33
0.62,4.24,32.6,290.33,195.57,15.13
0.62,5.13,30.87,273.1,216.07,15.73
0.62,5.9,33.14,295.03,231.97,15.91
0.62,6.85,35.76,298.03,250.33,15.82
0.62,7.64,38.31,286.33,268.2,16.47
0.62,8.43,41.03,286.63,287.21,15.88
0.27,9.15,43.37,292.63,303.61,16.53
0.27,9.93,46.09,294.33,322.62,16.07
0.27,10.76,49.09,299.46,343.61,16.32
0.27,11.78,51.99,300.14,363.93,15.54
0.27,12.88,48.67,298.83,389.34,15.48
0.27,14.2,52.66,293.33,421.31,16.54
0.27,15.27,56.07,299.11,448.52,16.48
0.23,16.18,59.51,298.95,476.07,16.26
0.23,16.95,62.56,302.49,500.49,15.77
0.23,17.03,62.68,303.19,501.48,16.24
0.23,17.48,65.23,296.16,521.8,16.47
0.23,17.84,59.96,294.83,539.67,15.67
0.23,18.12,61.62,289.55,554.59,15.96
0.23,18.43,63.86,290.51,574.75,15.91
0.23,18.62,65.63,285.85,590.66,15.86
0.23,18.8,67.65,290.48,608.85,16.47
0.23,18.88,69.65,279.91,626.89,16.31
0.24,19.02,71.53,281.66,643.77,16.42
0.24,19.05,73.5,283,661.48,16.49
0.24,19.13,75.85,278.68,682.62,16.16
0.24,19.05,69.77,280.31,697.71,16.33
0.24,18.94,71.69,286.06,716.89,16.11
0.24,18.77,73.56,290.14,735.57,15.56
0.24,18.57,74.98,281.71,749.84,15.78
0.24,18.23,77.1,282.86,770.98,15.46
0.24,17.95,78.7,291.64,787.05,16.39
0.25,17.56,80.49,280.64,804.92,16.48
0.25,17.16,82.21,288.38,822.13,16.21
0.25,16.65,84.21,278.51,842.13,16.12
0.25,16.2,77.99,269.66,857.87,16.84
0.25,15.69,79.69,282.85,876.56,16.76
0.25,15.2,81.3,275.98,894.26,15.89
0.25,14.65,82.95,280.14,912.46,16.13
0.25,14.03,84.52,295.95,929.67,16.82
0.25,13.51,85.92,272.75,945.08,16.73
0.24,12.91,87.73,287.58,965.08,17.08
0.24,12.38,89.21,273.93,981.31,16.83
0.24,11.8,90.89,279.64,999.84,16.22
0.24,11.23,84.96,282.35,1019.51,16.71
0.24,10.67,86.58,278.64,1039.02,16.53
0.24,10.25,87.87,282.3,1054.43,16.2
0.24,9.82,89.45,281.23,1073.44,16.71
0.24,9.39,91.05,277.71,1092.62,16.45
0.24,9.06,92.46,286,1109.51,16.42
0.23,8.7,93.99,282.15,1127.87,16.63
0.23,8.45,95.26,280.84,1143.12,16.5
0.23,8.11,96.84,276.66,1162.13,16.49
0.23,7.88,90.67,283.04,1178.69,16.48
0.23,7.69,92.07,291.49,1196.89,16.32
0.23,7.48,93.48,278.21,1215.25,17.04
0.23,7.3,94.8,298.84,1232.46,17.12
0.23,7.15,96.28,266.6,1251.64,17.06
0.23,7,97.53,269.68,1267.87,16.18
0.23,6.83,99.13,300.63,1288.69,15.79
0.23,6.71,100.5,287.33,1306.56,15.74
0.23,6.61,102.04,272.83,1326.56,16.75
0.23,6.51,95.85,286.58,1341.97,17.09
0.23,6.38,97.25,285.09,1361.48,16.35
0.23,6.32,98.36,278,1377.05,16.18
0.23,6.17,99.61,274.94,1394.59,16.2
0.23,6.13,101.08,283.71,1415.08,15.84
0.23,6.08,102.15,265.7,1430.16,16.43
0.22,6.03,103.51,279.96,1449.18,16.18
0.22,5.98,104.8,302.04,1467.21,16.78
0.22,5.97,106.08,276.1,1485.08,17.17
0.22,5.96,107.27,265.36,1501.8,16.85
0.22,5.86,101.66,289.16,1524.92,16.33
0.22,5.85,102.73,283.71,1540.98,16.58
0.22,5.85,103.84,271.59,1557.54,17.05
0.22,5.82,104.97,273.95,1574.59,15.87
0.22,5.75,106.33,271.24,1594.92,16.92
0.21,5.7,107.5,281.53,1612.46,16.86
0.21,5.69,108.46,276.23,1626.89,16.21
0.21,5.67,109.76,271.73,1646.39,16.17
0.21,5.66,110.87,279.94,1663.12,16
0.21,5.66,105.07,291.5,1681.15,16.16
0.21,5.65,105.96,282.1,1695.41,17.18
0.21,5.6,107.23,273.28,1715.74,16.41
0.21,5.62,108.31,294,1732.95,16.45
0.21,5.6,109.49,279.31,1751.8,15.71
0.18,5.61,110.49,284.86,1767.87,16.25
0.18,5.62,111.61,277.93,1785.74,16.39
0.18,5.59,112.76,269.63,1804.1,16.02
0.18,5.59,113.71,288.64,1819.34,16.65
0.18,5.58,108.14,271.65,1838.36,17.01
0.18,5.59,109.03,278.11,1853.44,16.08
0.18,5.52,110.14,283.15,1872.46,16.41
0.18,5.53,111.14,288.33,1889.34,16.34
0.18,5.53,112.27,279.98,1908.53,15.93
0.16,5.57,113.27,287.7,1925.57,16.97
0.16,5.6,114.49,295.78,1946.39,15.46
0.16,5.6,115.87,273.89,1969.84,16.3
0.16,5.59,110.69,275.33,1992.46,16.23
0.16,5.56,112.05,275.86,2016.89,15.81
0.16,5.57,113.5,276.96,2042.95,16.19
0.16,5.65,115.03,280.99,2070.49,16.17
0.15,5.66,116.66,279.4,2099.84,16.09
0.15,5.59,118.24,277.89,2128.36,16.33
0.15,5.6,118.86,274.29,2139.51,16.42
0.15,5.62,113.63,281.39,2159.02,16.04
0.15,5.57,114.73,323.28,2179.84,16.77
0.15,5.63,115.65,272.05,2197.38,16.83
0.15,5.64,116.47,271.48,2212.95,16.45
0.15,5.69,117.54,319.63,2233.28,16.31
0.15,5.7,118.38,266.98,2249.18,16.66
0.15,5.69,119.4,278.51,2268.53,16.36
0.15,5.7,120.31,270.76,2285.9,16.21
0.15,5.7,121.27,279.69,2304.1,16.54
0.15,5.72,116.03,280.45,2320.66,16.26
0.15,5.69,117.05,270.74,2340.98,17.07
0.15,5.72,117.86,282.44,2357.21,16.54
0.15,5.69,118.75,299.5,2374.92,16.76
0.15,5.66,119.76,266.09,2395.25,15.73
0.15,5.67,120.6,279.34,2411.97,16.09
0.16,5.7,121.49,309.7,2429.84,16.6
0.16,5.72,122.31,273.56,2446.23,16.57
0.16,5.73,123.3,269.18,2466.07,16.68
0.16,5.76,124.08,271.99,2481.64,16.21
0.16,5.72,119.01,274.43,2499.18,16.29
0.16,5.75,119.75,271.39,2514.75,16.53
0.16,5.78,120.65,285.34,2533.61,17.28
0.16,5.8,121.34,272.99,2548.2,16.41
0.16,5.79,122.15,281.31,2565.08,16.7
0.18,5.78,123.07,270.31,2584.43,17.41
0.18,5.79,123.9,274.5,2601.97,16.68
0.18,5.75,124.75,284.65,2619.84,16.31
0.18,5.75,125.46,289.48,2634.75,16.78
0.18,5.8,120.54,272.96,2651.8,15.98
0.18,5.79,121.22,286.5,2666.89,16.87
0.18,5.79,122.17,266.11,2687.71,16.27
0.18,5.79,122.89,259.86,2703.61,16.24
0.18,5.84,123.71,309.5,2721.64,16.02
0.18,5.85,124.47,273.39,2738.36,16.58
0.18,5.88,125.27,265.95,2755.9,17.53
0.18,5.92,126.1,268.28,2774.1,15.93
0.18,5.91,126.85,262.24,2790.66,16.31
0.18,5.9,122.14,288.85,2809.18,16.26
0.18,5.9,122.85,288.88,2825.57,17.06
0.18,5.9,123.68,265.08,2844.59,16.51
0.18,5.9,124.41,285.89,2861.48,17.21
0.18,5.91,125.3,278.13,2881.8,16.72
0.18,5.94,125.99,270.04,2897.71,16.85
0.18,5.9,126.83,285.84,2917.05,16.65
0.18,5.95,127.66,270.16,2936.07,16.53
0.18,5.92,128.45,306.05,2954.43,15.49
0.18,5.96,123.88,278.35,2973.12,16.45
0.18,5.95,124.6,273.39,2990.33,16.55
0.18,6.02,125.48,281.86,3011.48,16.81
0.18,6.02,126.23,280.08,3029.51,16.33
0.18,6,127.08,271.08,3049.84,15.87
0.22,5.99,127.74,283.39,3065.74,17.4
0.22,6.01,128.59,276.88,3086.07,16.36
0.22,6.04,129.33,277.73,3103.94,16.49
0.22,6.02,130.1,277.36,3122.46,16.6
0.22,6.02,125.5,272.2,3137.38,16.63
0.22,5.98,126.24,270.33,3156.07,16.34
0.22,5.96,127.04,276.1,3175.9,16.79
0.22,5.95,127.68,273.68,3191.97,16.44
0.22,6.02,128.38,264.88,3209.51,16.02
0.22,6.01,129.08,315.28,3227.05,16.51
0.23,6.06,129.88,272.39,3247.05,16.81
0.23,6.03,130.48,277.89,3261.97,16.79
0.23,6.02,131.24,276.6,3280.98,16.31
0.23,6.02,126.88,273.55,3298.85,16.74
0.23,6.06,127.64,288.76,3318.53,16.56
0.23,6.05,128.23,269.75,3333.94,16.94
0.23,6.02,128.9,282.53,3351.31,17.01
0.23,6,129.61,272.6,3369.84,16.28
0.23,6,130.22,280.31,3385.74,16.08
0.25,5.96,130.9,271.78,3403.44,16.35
0.25,5.93,131.46,267.99,3417.87,15.62
0.25,5.98,132.18,281.11,3436.72,16.8
0.25,5.96,127.91,271.43,3453.44,17.18
0.25,5.94,128.61,282.86,3472.46,16.76
0.25,5.93,129.16,278.11,3487.21,16.27
0.25,5.98,129.84,270.4,3505.57,15.98
0.25,5.98,130.44,276.94,3521.8,16.8
0.25,6,131.14,282.8,3540.82,15.84
0.23,6.03,131.85,277.98,3560,17.35
0.23,5.97,132.6,279.53,3580.33,17.6
0.23,6,133.4,280.16,3601.8,17.49
0.23,5.97,129.46,265.61,3624.92,16.65
0.23,5.98,130.33,278.43,3649.34,16.73
0.23,5.96,131.34,268.84,3677.54,17.25
0.23,5.94,132.31,259.05,3704.75,16.92
0.23,5.92,133.34,273.06,3733.44,16.3
0.23,5.95,133.44,278.35,3736.23,17.16
0.23,5.97,134.18,277.41,3757.05,17.16
0.23,5.97,134.77,280.35,3773.61,17.05
0.23,6.01,130.76,269.58,3791.97,17.27
0.23,6,131.35,272.2,3809.02,16.74
0.23,5.97,132.04,278.01,3829.18,16.85
0.23,5.98,132.62,254.13,3845.9,16.88
0.23,6.01,133.37,270.11,3867.87,17.03
0.22,6.01,134.02,263.85,3886.72,17.18
0.22,5.97,134.72,274.93,3906.89,17.16
0.22,5.95,135.27,264.1,3922.95,17.17
0.22,5.93,135.94,280.63,3942.3,16.1
0.22,5.94,132.11,271.36,3963.28,17.09
0.22,5.94,132.68,279.71,3980.33,18.17
0.22,5.99,133.26,272.04,3997.71,16.88
0.22,5.97,133.77,265.89,4012.95,17.13
0.22,6.03,134.44,256.25,4033.12,16.99
0.19,6.01,134.99,265.44,4049.84,17.56
0.19,5.98,135.63,268.05,4068.85,17.04
0.19,5.96,136.19,278.25,4085.57,16.93
0.19,6,136.84,261.59,4105.08,17.47
0.19,6,132.96,246.35,4121.64,18.04
0.19,5.97,133.56,272.88,4140.49,17.93
0.19,5.94,134.18,265.2,4159.67,17.33
0.19,5.95,134.7,287.06,4175.74,16.7
0.19,5.93,135.3,253.63,4194.26,17.66
0.21,5.92,135.82,263.84,4210.33,17.45
0.21,5.96,136.37,268.83,4227.54,17.16
0.21,5.98,136.89,277.86,4243.61,17.95
0.21,5.97,137.51,258.45,4262.95,17.54
0.21,5.96,133.68,269.54,4277.87,17.41
0.21,5.98,134.24,280.23,4295.57,17.18
0.21,5.97,134.77,281.14,4312.62,17.59
0.21,6.03,135.36,247.65,4331.64,16.98
0.21,5.99,135.92,243.64,4349.51,17.95
0.21,6.01,136.4,276.73,4364.75,17.5
0.17,5.98,136.96,270.64,4382.79,17.51
0.17,5.94,137.58,241.93,4402.62,17.62
0.17,5.95,138.19,261.79,4422.13,18.61
0.17,5.94,134.5,270.6,4438.36,18.1
0.17,6,135.08,263.5,4457.54,18.56
0.17,5.98,135.7,261.98,4478.03,17.27
0.17,5.99,136.26,257.93,4496.56,17.79
0.17,5.98,136.73,278.54,4511.97,17.65
0.15,6,137.3,254.09,4530.82,17.57
0.15,6.01,137.84,261.7,4548.69,18.46
0.15,5.99,138.41,254.88,4567.54,17.76
0.15,5.94,138.94,255.78,4585.08,17.87
0.15,5.91,135.38,270.88,4602.95,17.98
0.15,5.95,136,267.13,4623.94,17.84
0.15,5.95,136.48,255.63,4640.33,17.9
0.15,5.93,137.03,254.28,4659.02,17.52
0.15,5.93,137.56,285.76,4677.05,17.48
0.14,5.97,138.14,264.49,4696.72,17.85
0.14,5.97,138.62,249.65,4713.12,17.5
0.14,5.99,139.22,270.96,4733.61,17.56
0.14,6.01,139.78,271.24,4752.46,18.03
0.14,6.01,136.37,263.03,4772.79,17.41
0.14,5.98,136.9,255.24,4791.48,17.64
0.14,5.98,137.38,277.35,4808.36,17.83
0.14,5.93,137.94,196.75,4828.03,21.11
0.14,5.94,138.28,39.26,4839.84,29.33
0.14,5.96,138.46,0,4846.23,0
0.15,5.94,138.59,0,4850.66,0
0.15,5.88,138.62,0,4851.8,0
0.15,5.9,138.67,0,4853.44,0
0.15,5.9,134.87,0,4855.41,0
0.15,5.9,134.88,0,4855.74,0
0.15,5.92,134.9,0,4856.23,0
0.15,5.94,134.9,0,4856.39,0
0.15,5.91,134.9,0,4856.56,0
0.15,5.88,134.91,0,4856.89,0
0.53,5.85,134.92,0,4857.05,0
0.53,5.88,134.92,0,4857.05,0
0.53,5.86,134.92,0,4857.05,0
0.53,5.79,131.27,0,4857.05,0
0.53,5.78,131.27,0,4857.05,0
0.53,5.7,131.27,0,4857.05,0
0.53,5.64,131.27,0,4857.05,0
0.53,5.53,131.27,0,4857.05,0
0.53,5.48,131.27,0,4857.05,0
1.23,5.34,131.27,0,4857.05,0
1.23,5.12,131.27,0,4857.05,0
1.23,4.89,131.27,0,4857.05,0
1.23,4.68,127.82,0,4857.05,0
1.23,4.41,127.82,0,4857.05,0
1.23,4.1,127.82,0,4857.05,0
1.23,3.68,127.82,0,4857.05,0
1.86,3.27,127.82,0,4857.05,0
1.86,3.15,127.82,0,4857.05,0
1.86,2.87,127.82,0,4857.05,0
1.86,2.62,127.82,0,4857.05,0
1.86,-0.02,124.54,0,4857.05,0
1.86,-0.03,124.54,0,4857.05,0
1.86,-0.03,124.54,0,4857.05,0
1.86,0,124.54,0,4857.05,0
1.86,-0.01,124.54,0,4857.05,0
2.4,0.02,124.54,0,4857.05,0
2.4,0.02,124.54,0,4857.05,0
2.4,0,124.54,0,4857.05,0
2.4,-0.01,124.54,0,4857.05,0
2.4,0.01,121.43,0,4857.05,0
2.4,-0.04,121.43,0,4857.05,0
2.4,0.01,121.43,0,4857.05,0
2.4,-0.05,121.43,0,4857.05,0
1.94,-0.01,0.04,0,1.31,0
1.94,0.03,0.04,0,1.31,0
1.94,-0.03,0.04,0,1.31,0
1.94,0.02,0.04,0,1.31,0
1.94,0.01,0.04,0,1.31,0
1.94,-0.01,0.04,0,1.31,0
1.95,0.02,0.04,0,1.31,0
1.95,0.02,1.31,0,1.31,0
1.95,0,1.31,0,1.31,0
1.95,-0.02,1.31,0,1.31,0
1.95,-0.02,1.31,0,1.31,0
1.95,-0.03,1.31,0,1.31,0
1.95,0.01,1.31,0,1.31,0
1.95,0,1.31,0,1.31,0
1.94,-0.01,1.31,0,1.31,0
1.94,0,0.66,0,1.31,0
1.94,-0.02,0.66,0,1.31,0
1.94,0.02,0.66,0,1.31,0
1.94,0.02,0.66,0,1.31,0
1.94,0,0.66,0,1.31,0
1.94,0.01,0.66,0,1.31,0
1.94,-0.03,0.66,0,1.31,0
1.92,-0.02,0.66,0,1.31,0
1.92,0,0.44,0,1.31,0
1.92,0,0.44,0,1.31,0
1.92,-0.03,0.44,0,1.31,0
1.92,-0.02,0.44,0,1.31,0
1.92,-0.01,0.44,0,1.31,0
1.92,0,0.44,0,1.31,0
1.92,0.01,0.44,0,1.31,0
1.92,0.01,0.44,0,1.31,0
1.92,0.02,0.44,0,1.31,0
1.92,0,0.44,0,1.31,0
1.92,0.01,0.33,0,1.31,0
1.92,0.02,0.33,0,1.31,0
1.92,0.01,0.33,0,1.31,0
1.92,0,0.33,0,1.31,0
1.92,0.01,0.33,0,1.31,0
1.92,-0.02,0.33,0,1.31,0
1.92,-0.01,0.33,0,1.31,0
1.92,-0.02,0.33,0,1.31,0
1.92,-0.01,0.33,0,1.31,0
1.92,-0.01,0.26,2.09,1.31,0.04
1.92,0.02,0.26,1.43,1.31,0.09
1.92,0.03,0.3,1.49,1.48,0.08
1.92,0,0.3,2.01,1.48,0.05
1.92,0,0.3,1.93,1.48,0.05
1.92,0.02,0.3,1.53,1.48,0.09
1.92,0.03,0.3,1.99,1.48,20.98
0.83,0,0.33,3.4,1.64,40.23
0.83,-0.02,0.43,3.96,2.13,40.23
0.83,-0.01,0.38,3.56,2.3,40.23
0.83,-0.01,0.46,88.5,2.79,40.23
0.83,-0.02,0.57,252.51,3.44,25.76
0.83,-0.01,0.6,182.26,3.61,20.34
0.83,-0.01,0.66,226.14,3.93,17.74
0.83,0,0.71,225.11,4.26,16.24
0.83,0,0.74,220.76,4.43,16.17
0.14,0.03,0.79,230.88,4.75,15.57
0.14,0.02,0.87,229.63,5.25,15.52
0.14,0,0.8,233.31,5.57,15.8
0.14,-0.01,0.94,241.86,6.56,16.08
0.14,0.01,1.01,217.08,7.05,16.46
0.14,2.72,1.01,226.51,7.05,15.89
0.14,3.11,1.01,231.18,7.05,16.35
0.14,3.56,1.05,211.78,7.38,16.42
0.14,3.94,1.05,227.9,7.38,16.07
-0.04,4.45,1.05,225.43,7.38,15.7
-0.04,4.89,1.05,229.23,7.38,16.15
-0.04,5.44,0.98,225.98,7.87,16.21
-0.04,5.88,0.98,232.76,7.87,15.96
-0.04,6.43,0.98,221.5,7.87,16.59
-0.04,6.89,0.98,238.33,7.87,15.42
-0.04,7.29,0.98,226.93,7.87,16.19
-0.04,7.72,1,233.29,8.03,16.25
-0.04,8.05,1.02,227.41,8.2,15.92
-0.04,8.43,1.02,227.2,8.2,15.92
-0.04,8.69,1.02,232.19,8.2,15.69
-0.04,8.95,0.91,231.86,8.2,16.25
-0.04,9.16,0.95,227.24,8.52,15.61
-0.04,9.34,0.97,218.38,8.69,16.89
-0.04,9.5,0.97,229.81,8.69,16.41
-0.04,9.66,0.97,219.45,8.69,16.6
-0.04,9.84,0.97,221.89,8.69,16.35
-0.04,9.9,0.98,220.05,8.85,16.16
-0.02,10.02,1,230.28,9.02,16.42
-0.02,10.06,1,225.9,9.02,16.73
-0.02,10.14,0.95,225.29,9.51,16.61
-0.02,10.15,0.97,223.3,9.67,16.74
-0.02,10.19,1,233.54,10,16.29
-0.02,10.2,1,226.56,10,15.88
-0.02,10.13,1,226.45,10,16.45
-0.02,10.13,1,220.23,10,16.33
0,10.02,1,226.5,10,16.59
0,10.01,0.92,224.85,10.16,16.93
0,9.92,0.92,221.74,10.16,16.88
0,9.82,0.94,236.28,10.33,16.23
0,9.75,0.94,236.76,10.33,16.5
0,9.65,0.94,226.54,10.33,16.82
0,9.53,0.94,230.9,10.33,16.59
0,9.4,0.94,230.63,10.33,16.67
0,9.29,0.94,231.88,10.33,16.56
0,9.14,0.94,231.73,10.33,16.13
0,8.98,0.86,241.43,10.33,16.23
0,8.87,0.86,243.76,10.33,16.23
0,8.75,0.86,234.74,10.33,16.22
0,8.65,0.86,224.76,10.33,16.33
0,8.47,0.86,235.53,10.33,16.09
0,8.33,0.86,222.48,10.33,16.46
0,8.19,0.9,243.61,10.82,16.39
0,8.05,0.96,242.03,11.48,15.78
0,7.92,0.98,219.74,11.8,16.87
0,7.79,1.01,232.64,12.13,16.5
0,7.68,0.95,226.99,12.3,16.57
0,7.52,0.96,240.1,12.46,16.3
0,7.42,0.96,233.29,12.46,16.49
0,7.28,0.96,230.91,12.46,16.18
0,7.2,0.97,237.1,12.62,16.23
0,7.08,0.98,231.43,12.79,16.22
0,7.03,1,236.4,12.95,16.11
0,6.9,1.01,234.84,13.11,16.61
0,6.83,1.01,237.48,13.11,16.11
0,6.77,0.94,230.55,13.11,16.47
0,6.7,0.94,239.8,13.11,16.13
0,6.63,0.94,242.61,13.11,16.03
0,6.55,0.95,234.1,13.28,16.31
0,6.48,0.97,242.58,13.61,16.12
0,6.44,1.01,248.71,14.1,16.45
0,6.38,1.01,231.1,14.1,16.25
0.06,6.28,1.01,247.44,14.1,15.9
0.06,6.25,1.01,238.85,14.1,16.35
0.06,6.23,0.95,232.99,14.26,16.49
0.06,6.19,0.95,230.16,14.26,16.63
0.06,6.15,0.97,235.78,14.59,16.3
0.06,6.13,0.98,227.29,14.75,16.41
0.06,6.1,0.98,231.86,14.75,16.62
0.06,6.08,0.99,237.49,14.92,16.36
0.06,6.04,0.99,227.44,14.92,16.42
0.07,6.01,1.01,227.59,15.08,16.48
0.07,5.98,1.04,240.68,15.57,15.52
0.07,5.94,0.99,248.44,15.9,16.73
0.07,5.91,1.02,235.09,16.39,16.75
0.07,5.92,1.08,254.73,17.21,16.13
0.07,5.92,1.1,252.49,17.54,17.17
0.07,5.89,1.13,222.71,18.03,17.3
0.07,5.87,1.18,245.83,18.85,16.79
0.07,5.88,1.19,237.23,19.02,16.28
0.06,5.86,1.19,228.85,19.02,16.68
0.06,5.85,1.19,235.48,19.02,16.42
0.06,5.86,1.12,224.54,19.02,17.1
0.06,5.82,1.12,52.5,19.02,35.91
0.06,5.79,1.12,0,19.02,0
0.06,5.76,1.14,0,19.34,0
0.06,5.8,1.15,0,19.51,0
0.06,5.79,1.16,0,19.67,0
0.06,5.77,1.18,0,20,0
0.04,5.75,1.19,0,20.16,0
0.04,5.77,1.2,0,20.33,0
0.04,5.77,1.13,0,20.33,0
0.04,5.79,1.13,0,20.33,0
0.04,5.77,1.13,0,20.33,0
0.04,5.79,1.13,0,20.33,0
0.04,5.76,1.13,0,20.33,0
0.04,5.76,1.13,0,20.33,0
0.04,5.7,1.13,0,20.33,0
0.55,5.71,1.13,0,20.33,0
0.55,5.72,1.13,0,20.33,0
0.55,5.7,1.07,0,20.33,0
0.55,5.6,1.07,0,20.33,0
0.55,5.56,1.07,0,20.33,0
0.55,5.48,1.07,0,20.33,0
0.55,5.39,1.07,0,20.33,0
0.55,5.27,1.07,0,20.33,0
0.55,5.16,1.07,0,20.33,0
1.01,4.97,1.07,0,20.33,0
1.01,4.75,1.07,0,20.33,0
1.01,4.53,1.02,0,20.33,0
1.01,4.28,1.02,0,20.33,0
1.01,3.96,1.02,0,20.33,0
1.01,3.65,1.02,0,20.33,0
1.01,3.33,1.02,0,20.33,0
1.01,2.99,1.02,0,20.33,0
1.36,2.68,1.02,0,20.33,0
1.36,2.64,1.02,0,20.33,0
1.36,-0.01,0.97,0,20.33,0
1.36,0.03,0.97,0,20.33,0
1.36,0.02,0.97,0,20.33,0
1.36,0,0.97,0,20.33,0
1.36,-0.01,0.97,0,20.33,0
1.36,0.03,0.97,0,20.33,0
1.36,0.02,0.97,0,20.33,0
1.36,0.01,0.97,0,20.33,0
1.58,0,0.97,0,20.33,0
1.58,-0.01,0.92,0,20.33,0
1.58,-0.01,0.92,0,20.33,0
-0.05,0,0.52,0,20.49,0
-0.05,-0.01,0.52,0,21.31,0
-0.05,0,0.52,0,22.62,0
-0.05,-0.01,0.52,0,23.93,0
-0.05,0,0.52,0,25.08,0
-0.05,-0.01,0.52,0,26.07,0
-0.05,0,0.52,0,26.72,0
-0.05,0.01,0.52,0,26.89,0
-0.05,-0.03,27.21,0,27.21,0
-0.05,0.03,27.38,0,27.38,0
-0.05,0.03,27.38,0,27.38,0
-0.05,-0.03,27.54,0,27.54,0
-0.05,-0.01,27.7,0,27.7,0
-0.05,-0.01,28.03,0,28.03,0
-0.05,0,28.03,0,28.03,0
-0.05,0,28.03,0,28.03,0
-0.05,-0.03,14.02,0,28.03,0
-0.05,0,14.02,0,28.03,0
-0.05,0,14.02,0,28.03,0
-0.05,0,14.02,0,28.03,0
-0.05,0,14.02,0,28.03,0
-0.05,0.02,14.02,0,28.03,0
-0.05,0,14.02,0,28.03,0
-0.05,0,14.02,0,28.03,0
-0.06,0,14.02,0,28.03,0
-0.06,0,9.34,0,28.03,0
-0.06,-0.01,9.34,0,28.03,0
-0.06,0,9.34,0,28.03,0
-0.06,-0.02,9.34,0,28.03,0
-0.06,-0.03,9.34,0,28.03,0
-0.06,-0.01,9.34,0,28.03,0
-0.06,0.01,9.34,0,28.03,0
-0.06,0.01,9.34,0,28.03,0
-0.06,0,9.34,0,28.03,0
-0.05,0.01,9.34,0,28.03,0
-0.05,0.02,7.01,0,28.03,0
-0.05,0.03,7.01,0,28.03,0
-0.05,0,7.01,0,28.03,0
-0.05,0,7.01,0,28.03,0
-0.05,-0.02,7.01,0,28.03,0
-0.05,-0.01,7.01,0,28.03,0
-0.05,-0.02,7.01,0,28.03,0
-0.05,-0.01,7.01,0,28.03,0
-0.05,-0.01,7.01,0,28.03,0
-0.05,0.02,5.61,0.91,28.03,0.08
-0.05,0.03,5.61,0.88,28.03,0.07
-0.05,0,5.77,1.36,28.85,0.05
-0.05,0,5.93,1.43,29.67,0.05
-0.05,0.02,6,0.99,30,0.08
-0.05,0.02,6.03,0.88,30.16,0.08
-0.05,0,6.07,1.55,30.33,10.81
-0.05,0,6.26,2.53,31.31,40.23
-0.05,-0.03,6.62,3.13,33.11,40.23
-0.05,-0.02,5.66,2.75,33.93,40.23
-0.05,-0.01,5.68,67.79,34.1,40.23
-0.05,0,6.83,142.79,40.98,29.74
-0.05,0,8.17,164.1,49.02,22.9
-0.05,-0.01,9.51,76.45,57.05,30.96
-0.05,-0.01,10.87,61.75,65.25,25.58
-0.05,0,12.24,94.28,73.44,23.97
-0.05,0,13.61,132.65,81.64,22.33
-0.04,0.01,14.95,160.99,89.67,19.75
-0.04,0.02,13.89,145.99,97.21,19.42
-0.04,0,15.2,112.78,106.39,20.87
-0.04,-0.03,16.44,118.25,115.08,20.3
-0.04,-0.03,17.47,147.7,122.3,18.74
-0.04,-0.01,18.9,133.39,132.3,19.52
-0.04,-0.01,20,130.1,140,19.6
-0.04,-0.03,21.26,145.03,148.85,18.22
-0.04,-0.03,22.27,146.91,155.9,18.38
-0.03,-0.01,23.56,138.9,164.92,19.14
-0.03,0.01,21.72,111.44,173.77,19.7
-0.03,0.01,22.75,126.11,181.97,18.81
-0.03,0.01,23.71,143.53,189.67,19.17
-0.03,0,24.8,132.38,198.36,19.07
-0.03,-0.04,25.88,124.53,207.05,19.49
-0.03,-0.03,26.86,125.31,214.92,19.58
-0.03,0,27.99,133.54,223.93,19.81
-0.03,-0.02,29,124.01,231.97,20.57
-0.05,0,30.08,116.44,240.66,20.83
-0.05,0,27.63,136.06,248.69,20.71
-0.05,0.02,28.63,121.21,257.7,21.22
-0.05,0.01,29.49,124.46,265.41,20.93
-0.05,0,30.51,116.71,274.59,21.08
-0.05,0,31.37,132.61,282.3,21.2
-0.05,0,32.37,123.35,291.31,20.74
-0.05,0,33.39,126.04,300.49,21.1
-0.05,-0.01,34.39,128.86,309.51,20.31
-0.05,-0.02,35.25,137.06,317.21,20.11
-0.05,-0.02,32.62,127.1,326.23,20.45
-0.05,-0.01,33.36,125.21,333.61,20.43
-0.05,-0.01,34.21,124.51,342.13,20.67
-0.05,0.03,35.15,142.16,351.48,19.66
-0.05,0.02,35.92,120.64,359.18,21.15
-0.05,0,36.74,130.44,367.38,20.95
-0.05,0,37.54,135.51,375.41,20.82
-0.05,0.03,38.56,118.91,385.57,20.69
-0.05,0.02,39.28,121.7,392.79,20.63
-0.05,0,36.54,121.83,401.97,20.73
-0.05,0,37.32,140.01,410.49,20.51
-0.05,-0.02,38.14,135.69,419.51,19.55
-0.05,-0.02,38.85,117.91,427.38,21.17
-0.05,-0.02,39.72,121.76,436.89,21.07
-0.05,0,40.55,137.9,446.07,20.04
-0.05,0,41.27,135.44,453.93,20.25
-0.05,0.02,42.07,128.49,462.79,20.18
-0.05,0.02,42.8,122.8,470.82,21.17
-0.05,0.01,40.08,128.2,480.98,20.31
-0.05,0.01,40.74,133.66,488.85,20.41
-0.05,0.02,41.45,127.96,497.38,20.46
-0.05,0.01,42.08,143.19,504.92,20.12
-0.05,0,42.86,125.94,514.26,19.9
-0.05,-0.01,43.5,122.75,521.97,20.47
-0.05,-0.04,44.19,127.34,530.33,20.03
-0.05,0,44.92,124.21,539.02,20.43
-0.05,-0.01,45.59,140.9,547.05,19.72
-0.05,0.01,42.75,135.29,555.74,20.61
-0.05,0,43.3,109.41,562.95,21.17
-0.05,-0.01,43.93,125.99,571.15,21.31
-0.05,-0.01,44.51,126.55,578.69,20.75
-0.05,0.02,45.23,136.16,588.03,20.01
-0.05,0.01,45.83,129.6,595.74,19.87
-0.05,0,46.49,109.64,604.43,21.49
-0.05,0,47.05,120.51,611.64,21.46
-0.05,0,47.76,133.03,620.82,22.05
-0.06,-0.03,45.01,145.15,630.16,21.9
-0.06,-0.04,45.55,138.26,637.71,21.72
-0.06,-0.01,46.17,125.78,646.39,21.2
-0.06,-0.02,46.77,117.35,654.75,21.54
-0.06,-0.01,47.48,139.34,664.75,19.97
-0.06,-0.03,48,141.55,671.97,19.77
-0.06,-0.01,48.63,145.15,680.82,20.53
-0.06,-0.02,49.2,114.25,688.85,21.79
-0.06,0.01,49.82,128.46,697.54,20.98
-0.05,0.01,50.43,135.41,706.07,20.36
-0.05,0.02,47.68,136.44,715.25,20.62
-0.05,-0.01,48.3,119.9,724.43,21.31
-0.05,0.02,48.96,131.55,734.43,20.54
-0.05,0,49.7,147.39,745.57,19.85
-0.05,-0.03,50.48,125.88,757.21,20.64
-0.05,-0.02,51.31,128.41,769.67,21.51
-0.05,0,51.5,136.59,772.46,21.56
-0.05,-0.02,52.01,139.24,780.16,21.8
-0.05,-0.01,49.38,142.41,790,22.18
-0.05,0.03,49.92,141.34,798.69,22.12
-0.05,0.02,50.35,133.36,805.57,20.85
-0.05,0,50.94,126.09,815.08,20.58
-0.05,0,51.44,145.76,823.11,19.12
-0.05,-0.02,51.95,123.8,831.15,20.41
-0.05,-0.01,52.42,111.59,838.69,21.43
-0.05,0.01,53.01,140.48,848.2,19.89
-0.04,0,53.45,138.85,855.25,20.3
-0.04,-0.02,50.77,120.98,863.11,21.34
-0.04,-0.03,51.25,123.68,871.31,21.49
-0.04,-0.01,51.76,132.75,879.84,20.66
-0.04,-0.02,52.14,130.04,886.39,21.12
-0.04,0,52.67,147.78,895.41,20.03
-0.04,0.03,53.23,131.31,904.92,20.32
-0.04,0.03,53.66,124.49,912.3,20.95
-0.04,0.01,54.15,130.69,920.49,20.36
-0.03,0,54.63,118.28,928.69,21.62
-0.03,0.03,52.05,135.81,936.89,20.79
-0.03,0.01,52.46,133.48,944.26,21.19
-0.03,0,52.94,132.3,952.95,20.63
-0.03,0,53.35,131.54,960.33,20.72
-0.03,-0.02,53.81,125.03,968.52,20.8
-0.03,-0.03,54.21,141.2,975.74,20.3
-0.03,-0.01,54.73,125.29,985.08,20.71
-0.03,-0.01,55.15,132.84,992.79,20.07
-0.03,0,55.56,136,1000.16,20.42
-0.03,0.03,53.05,134.08,1007.87,20.4
-0.03,0.03,53.45,141.18,1015.57,19.9
-0.03,0.01,53.89,134.39,1023.93,20.45
-0.03,0,54.26,107.91,1030.98,21.77
-0.03,0.03,54.7,131.25,1039.34,20.73
-0.03,0.02,55.09,136.05,1046.72,20.09
-0.03,0,55.5,134.51,1054.43,20.92
-0.03,0,55.9,137.4,1062.13,20.71
-0.02,-0.03,56.36,105.55,1070.82,21.9
-0.02,-0.01,53.96,124.24,1079.18,20.44
-0.02,-0.01,54.34,138.73,1086.89,19.85
-0.02,0,54.77,142.74,1095.41,19.69
-0.02,0,55.13,120.84,1102.62,21.25
-0.02,0,55.6,130.85,1111.97,20.64
-0.02,-0.01,56.02,134.16,1120.49,20.72
-0.02,0,56.5,145.03,1130,20.39
-0.02,0.01,56.86,126.09,1137.21,20.56
-0.02,0.02,57.28,122.86,1145.57,21.37
-0.03,0.03,57.69,139.35,1153.77,20.35
-0.03,0,55.38,134.15,1162.95,20.69
-0.03,-0.04,55.73,131.18,1170.33,21.44
-0.03,-0.03,56.09,128.23,1177.87,21.5
-0.03,-0.01,56.6,130.28,1188.69,20.27
-0.03,-0.01,56.93,141.59,1195.57,20.41
-0.03,-0.04,57.31,127.28,1203.44,21.41
-0.03,-0.03,57.75,142.46,1212.79,20.55
-0.03,-0.01,58.18,119.98,1221.8,21.29
-0.02,-0.01,58.48,127.14,1228.03,20.93
-0.02,0.02,56.25,131.26,1237.54,20.34
-0.02,0.02,56.63,125.88,1245.9,21.3
-0.02,0.01,56.99,135.43,1253.77,20.42
-0.02,0.01,57.39,125.19,1262.62,21.41
-0.02,0,57.77,124.75,1270.98,21.43
-0.02,-0.03,58.19,134.34,1280.16,20.41
-0.02,-0.03,58.52,144.64,1287.38,19.9
-0.02,-0.01,58.97,123.31,1297.38,20.73
-0.03,0,59.34,121.96,1305.41,20.57
-0.03,-0.02,57.1,121.41,1313.28,21.33
-0.03,-0.03,57.46,135.29,1321.64,20.96
-0.03,-0.02,57.9,135.69,1331.64,20.28
-0.03,0,58.25,141.24,1339.67,20.52
-0.03,0.01,58.62,114.73,1348.36,22.32
-0.03,0.01,59.02,124.25,1357.54,21.55
-0.03,0.01,59.36,123.73,1365.25,21.67
-0.03,-0.01,59.74,149.59,1374.1,20.59
-0.01,0.02,60.04,149.51,1380.82,20.06
-0.01,0,57.9,108.03,1389.67,21.94
-0.01,0.01,58.25,116.29,1398.03,22.07
-0.01,-0.02,58.64,142.2,1407.38,19.9
-0.01,-0.01,58.93,140.13,1414.26,20.08
-0.01,-0.03,59.3,119.73,1423.12,21.69
-0.01,-0.02,59.65,121.16,1431.64,22.39
-0.01,-0.02,60.02,126.45,1440.49,21.08
-0.01,0.02,60.33,132.09,1448.03,21.19
-0.01,0,60.7,141.06,1456.72,20.52
-0.01,0.03,58.66,120.34,1466.39,21.6
-0.01,0.03,58.98,124.63,1474.59,21.54
-0.01,-0.01,59.38,128.61,1484.59,21.55
-0.01,0.01,59.85,131.41,1496.23,20.39
-0.01,-0.01,60.27,117.14,1506.72,21.66
-0.01,-0.04,60.79,132,1519.67,21.4
-0.01,-0.03,61.28,142.74,1531.97,20.72
-0.01,-0.02,61.39,151.81,1534.75,20.09
-0.01,-0.01,59.38,128.14,1543.77,21.14
-0.01,-0.01,59.7,120.08,1552.13,21.75
-0.01,0.02,60.03,130.93,1560.82,20.87
-0.01,0.03,60.32,128.41,1568.36,21.93
-0.01,0,60.7,140.09,1578.2,21.36
-0.01,0,61,152.74,1586.07,20.22
-0.01,0.02,61.34,112.36,1594.75,21.8
-0.01,0.01,61.68,112.71,1603.77,22.06
-0.01,-0.02,62.04,137.25,1613.12,21.35
-0.01,-0.01,60.04,160.86,1620.98,19.73
-0.01,-0.01,60.37,149.76,1630,21.02
-0.01,0,60.7,105.45,1638.85,21.43
-0.01,-0.01,60.98,110.55,1646.39,22.23
-0.01,-0.01,61.34,137.95,1656.07,21.87
-0.01,0.01,61.65,160.14,1664.59,20.41
-0.01,0.02,61.99,141.16,1673.61,20.53
-0.01,0.01,62.29,117.24,1681.8,21.69
-0.02,0.01,62.59,113.44,1689.84,21.92
-0.02,-0.01,60.61,132.16,1697.05,21.06
-0.02,-0.03,60.93,143.39,1706.07,20.48
-0.02,-0.03,61.19,129.7,1713.28,21.14
-0.02,-0.02,61.49,120.39,1721.64,21.39
-0.02,-0.03,61.8,126.33,1730.49,20.83
-0.02,-0.01,62.14,134.03,1740,21.81
-0.02,0,62.39,136.08,1747.05,21.01
-0.02,0,62.69,138.34,1755.41,20.36
-0.01,0.01,63.04,139.95,1765.25,19.19
-0.01,0.02,61.14,131.66,1772.95,20.59
-0.01,-0.02,61.37,114.81,1779.67,21.78
-0.01,-0.03,61.7,115.25,1789.18,21.64
-0.01,-0.04,61.97,132.48,1797.21,21.16
-0.01,-0.03,62.23,156.46,1804.59,21.05
-0.01,-0.03,62.52,122.4,1812.95,21.3
-0.01,-0.03,62.81,124.08,1821.48,21.06
-0.01,-0.01,63.09,121.96,1829.51,21.37
-0.02,-0.01,63.33,124.71,1836.56,21.86
-0.02,-0.02,61.54,121.19,1846.23,21.28
-0.02,-0.03,61.78,124.3,1853.28,21.85
-0.02,-0.01,62.05,120.81,1861.64,23.05
-0.02,-0.01,62.3,115.33,1868.85,22.78
-0.02,0.02,62.55,137.75,1876.39,21.69
-0.02,0.01,62.79,138.09,1883.77,23
-0.02,0.01,63.07,128.05,1892.13,23.56
-0.02,0,63.34,110.79,1900.16,22.73
0.01,0,63.6,111.56,1907.87,22.23
0.01,-0.03,61.73,26.46,1913.61,36.51
0.01,-0.03,61.77,0,1914.75,0
0.01,-0.01,61.92,0,1919.51,0
0.01,-0.01,62.11,0,1925.41,0
0.01,-0.03,62.17,0,1927.21,0
0.01,-0.04,62.22,0,1928.85,0
0.01,-0.01,62.24,0,1929.51,0
0.01,-0.01,62.26,0,1930,0
0.01,0.01,62.27,0,1930.33,0
0.04,0.01,60.33,0,1930.66,0
0.04,0.01,60.34,0,1930.82,0
0.04,0,60.34,0,1930.98,0
0.04,0,60.34,0,1930.98,0
0.04,0.01,60.34,0,1930.98,0
0.04,0.01,60.34,0,1930.98,0
0.04,0.01,60.34,0,1930.98,0
0.04,0,60.34,0,1930.98,0
0.04,-0.03,60.34,0,1930.98,0
0.03,-0.02,60.34,0,1930.98,0
0.03,0,58.51,0,1930.98,0
0.03,0.01,58.51,0,1930.98,0
0.03,0.01,58.51,0,1930.98,0
0.03,0.01,58.51,0,1930.98,0
0.03,0.01,58.51,0,1930.98,0
0.03,0.01,58.51,0,1930.98,0
0.03,0,58.51,0,1930.98,0
0.03,-0.01,58.51,0,1930.98,0
0.05,-0.01,58.51,0,1930.98,0
0.05,-0.03,56.79,0,1930.98,0
0.05,-0.04,56.79,0,1930.98,0
0.05,-0.02,56.79,0,1930.98,0
0.05,0.03,56.79,0,1930.98,0
0.05,0,56.79,0,1930.98,0
0.05,0,56.79,0,1930.98,0
0.05,0.02,56.79,0,1930.98,0
0.05,0,56.79,0,1930.98,0
0.05,-0.01,55.17,0,1930.98,0
0.05,-0.04,55.17,0,1930.98,0
0.05,0,55.17,0,1930.98,0
0.05,-0.02,55.17,0,1930.98,0
0.05,-0.01,55.17,0,1930.98,0
0.05,0.03,55.17,0,1930.98,0
0.05,-0.01,55.17,0,1930.98,0
0.05,-0.01,55.17,0,1930.98,0
0.05,0.03,55.17,0,1930.98,0
3.36,0,0.98,0,32.95,0
3.36,0.03,0.98,0,36.23,0
3.36,0.01,0.98,0,36.89,0
3.36,0.03,0.98,0,37.87,0
3.36,0.01,0.98,0,38.52,0
3.36,0.01,0.98,0,38.85,0
3.36,0,0.98,0,39.18,0
3.36,0.01,0.98,0,39.51,0
3.36,-0.01,39.84,0,39.84,0
3.33,-0.02,40.16,0,40.16,0
3.33,0,40.66,0,40.66,0
3.33,-0.01,40.82,0,40.82,0
3.33,-0.01,40.98,0,40.98,0
3.33,0.03,40.98,0,40.98,0
3.33,-0.01,41.15,0,41.15,0
3.33,0.01,20.66,0,41.31,0
3.33,0.01,20.66,0,41.31,0
3.33,0.01,20.66,0,41.31,0
3.33,0,20.66,0,41.31,0
3.33,0,20.66,0,41.31,0
3.33,-0.02,20.66,0,41.31,0
3.33,-0.03,20.66,0,41.31,0
3.33,0,20.66,0,41.31,0
3.33,0.01,20.66,0,41.31,0
3.33,-0.02,13.77,0,41.31,0
3.26,-0.03,13.77,0,41.31,0
3.26,-0.01,13.77,0,41.31,0
3.26,-0.01,13.77,0,41.31,0
3.26,0,13.77,0,41.31,0
3.26,0.03,13.77,0,41.31,0
3.26,0.03,13.77,0,41.31,0
3.26,0.01,13.77,0,41.31,0
3.26,0,13.77,0,41.31,0
3.26,0.03,10.33,0,41.31,0
3.25,0.02,10.33,0,41.31,0
3.25,0.01,10.33,0,41.31,0
3.25,0.01,10.33,0,41.31,0
3.25,-0.01,10.33,0,41.31,0
3.25,0.01,10.33,0,41.31,0
3.25,-0.02,10.33,0,41.31,0
3.25,0.01,10.33,0,41.31,0
3.25,0.01,10.33,0,41.31,0
3.25,-0.01,8.26,2.11,41.31,0.04
3.3,0.03,8.26,1.3,41.31,0.08
3.3,0,8.33,2.05,41.64,0.04
3.3,-0.01,8.75,2.2,43.77,0.02
3.3,0,8.92,1.95,44.59,0.03
3.3,0.01,9.15,1.89,45.74,11.62
3.3,-0.02,9.64,3.76,48.2,40.23
3.3,0.02,9.67,3.1,48.36,40.23
3.3,-0.01,8.44,3.73,50.66,40.23
1.18,-0.01,8.55,3.53,51.31,40.23
1.18,-0.01,8.72,82.59,52.3,40.23
1.18,-0.01,11.48,264.36,68.85,28.49
1.18,-0.01,16.01,301.98,96.07,19.42
1.18,3.51,18.31,297.95,109.84,17.05
1.18,4.94,22.92,295.43,137.54,16.57
1.18,6.34,26.64,292.76,159.84,16.75
1.18,8.21,30.63,291.98,183.77,17.24
1.18,10.1,34.15,310.96,204.92,16.95
0.46,12.27,32.95,310.53,230.66,16.38
0.46,14.25,36.63,321.85,256.39,16.08
0.46,15.76,39.77,299.86,278.36,17.15
0.46,17.41,43.04,295.66,301.31,17.35
0.46,18.79,45.95,305.63,321.64,17.89
0.46,20.82,49.7,305.95,347.87,17.64
0.46,22.33,53,303.64,370.98,17.62
0.46,23.68,56.49,305.88,395.41,16.5
0.46,24.68,59.3,300.11,415.08,16.97
0.46,26.01,54.84,314.86,438.69,17.24
0.24,27.07,57.44,305.79,459.51,16.8
0.24,28.15,60.61,311.01,484.92,17.11
0.24,29.21,63.98,302.25,511.8,16.97
0.24,30.1,67.03,311.33,536.23,17.51
0.24,31.06,69.98,304.08,559.84,17.3
0.24,31.83,72.54,301.75,580.33,16.94
0.24,32.64,75.84,315.54,606.72,17.3
0.24,33.24,78.55,295.09,628.36,16.74
0.24,33.87,72.6,305.95,653.44,17.08
0.19,34.3,74.92,301.55,674.26,16.59
0.19,34.72,77.83,315.66,700.49,17.25
0.19,35.06,80.02,306.73,720.16,16.68
0.19,35.33,82.71,293.45,744.43,16.63
0.19,35.52,85.87,324.4,772.79,17.55
0.19,35.7,88.01,294.05,792.13,17.61
0.19,35.82,90.13,303.18,811.15,17.4
0.19,35.85,93.24,310.05,839.18,17.12
0.19,35.85,86.57,311.38,865.74,17.48
0.13,35.77,88.2,302,881.97,17.08
0.13,35.6,91.02,301.26,910.16,17.61
0.13,35.42,93.46,308.05,934.59,17.79
0.13,35.1,95.79,307.8,957.87,17.22
0.13,34.7,97.56,302.15,975.57,16.63
0.13,34.24,100.51,308.29,1005.08,17.06
0.13,33.59,102.92,300.5,1029.18,16.11
0.13,32.95,104.7,305.21,1047.05,16.87
0.13,32.17,97.7,292.68,1074.75,17.46
0.06,31.51,99.91,301.11,1099.02,17.07
0.06,30.57,101.97,307.19,1121.64,17.64
0.06,29.78,103.95,299.21,1143.44,17.63
0.06,28.84,106.17,301.45,1167.87,17.5
0.06,27.96,108.12,292.36,1189.34,17.17
0.06,26.94,110.54,308.63,1215.9,17.27
0.06,26.15,112.64,306.89,1239.02,17.74
0.06,25.2,114.58,305.25,1260.33,16.91
0.06,24.27,107.09,302.53,1285.08,18.13
0.07,23.52,108.99,304.54,1307.87,17.17
0.07,22.7,111.15,337.93,1333.77,16.82
0.07,21.95,113.29,304.28,1359.51,17.43
0.07,21.1,115.83,295.23,1390,17.55
0.07,20.46,117.58,300.71,1410.98,16.7
0.07,19.8,119.25,314.01,1430.98,16.74
0.07,19.25,120.83,297.45,1450,17.47
0.07,18.64,123.02,309.98,1476.23,17.78
0.07,18.16,115.59,315.31,1502.62,17.84
0.1,17.63,117.57,314.64,1528.36,15.85
0.1,17.17,119.29,292.86,1550.82,17.41
0.1,16.79,120.84,311.58,1570.98,17.61
0.1,16.43,122.93,314.73,1598.03,17.14
0.1,16.15,124.8,302.71,1622.46,18.32
0.1,15.81,126.53,305.35,1644.92,16.77
0.1,15.6,127.65,322.4,1659.51,17.72
0.1,15.38,130.16,299.81,1692.13,17.1
0.1,15.21,131.87,297.36,1714.26,16.53
0.13,15.05,123.79,315.98,1733.12,17.66
0.13,14.9,125.76,330.9,1760.66,17.4
0.13,14.8,127.97,290.15,1791.64,17.37
0.13,14.65,129.48,288.14,1812.79,16.38
0.13,14.56,130.48,306,1826.72,17.03
0.13,14.43,132.87,315.4,1860.16,17.41
0.13,14.36,134.26,293.26,1879.67,17.33
0.13,14.28,135.87,310.39,1902.13,16.54
0.13,14.23,137.65,317.45,1927.05,17.94
0.18,14.13,130.28,321.39,1954.26,17.25
0.18,14.11,131.54,321.23,1973.12,17.82
0.18,14.01,133.17,308.54,1997.54,16.75
0.18,13.98,134.59,339.45,2018.85,16.96
0.18,13.95,136.28,297.06,2044.26,17.56
0.18,13.91,138.02,291.15,2070.33,17.41
0.18,13.88,139.45,292.15,2091.8,17.68
0.18,13.87,140.91,323.95,2113.61,17.71
0.18,13.85,142.46,321.83,2136.89,17.53
0.18,13.8,135.36,291.38,2165.74,16.87
0.15,13.77,136.63,292.13,2186.07,15.97
0.15,13.78,138.13,312.36,2210,17.35
0.15,13.74,139.82,302.8,2237.05,16.83
0.15,13.7,141.39,300.75,2262.3,16.79
0.15,13.71,142.56,297.18,2280.98,17.46
0.15,13.69,144.14,314.64,2306.23,17.06
0.15,13.67,145.84,298.68,2333.44,17.54
0.15,13.67,147.25,300.2,2356.07,17.71
0.15,13.65,139.95,343.75,2379.18,17.21
0.14,13.66,141.78,318.73,2410.33,17.71
0.14,13.66,143.09,332.83,2432.46,17.38
0.14,13.72,144.24,305.94,2452.13,17.11
0.14,13.71,145.69,300.3,2476.72,17.15
0.14,13.72,147.04,315.65,2499.67,18.05
0.14,13.72,148.37,315.24,2522.3,18.19
0.14,13.71,149.72,302.31,2545.25,17.2
0.14,13.7,151.53,316.84,2576.07,17.85
0.14,13.72,144.66,313.44,2603.94,17.78
0.08,13.7,145.88,309.15,2625.9,17.3
0.08,13.71,147.16,319.55,2648.85,17.72
0.08,13.72,148.33,298.95,2670,17.55
0.08,13.75,149.54,298.58,2691.8,16.88
0.08,13.75,151.09,311.38,2719.67,17.11
0.08,13.8,152.48,302.59,2744.59,17.78
0.08,13.82,153.5,317.54,2762.95,17.51
0.08,13.82,155.09,315.06,2791.64,18.04
0.08,13.85,148.18,300.48,2815.41,17.58
0.08,13.88,149.32,304.86,2837.05,17.47
0.08,13.92,150.51,293.29,2859.67,17.85
0.08,13.93,151.98,300.78,2887.54,16.55
0.08,13.95,153.13,315.16,2909.51,17.37
0.08,13.95,154.31,304.78,2931.8,17.86
0.08,13.98,155.42,305.65,2952.95,17.44
0.08,13.99,156.83,310,2979.84,17.37
0.08,14.05,158.08,302.65,3003.61,17.08
0.08,14.08,151.19,289.91,3023.77,17.07
0.09,14.13,152.48,291.96,3049.67,17.45
0.09,14.15,153.65,309.93,3072.95,17.52
0.09,14.19,154.93,308.59,3098.53,16.37
0.09,14.21,155.93,306.86,3118.69,16.22
0.09,14.25,157.2,307.58,3143.94,17.81
0.09,14.28,158.17,304.64,3163.44,17.31
0.09,14.34,159.42,292.34,3188.36,17.58
0.09,14.36,160.48,290.69,3209.67,17.69
0.09,14.36,154.07,290.14,3235.57,17
0.12,14.38,155.27,296.36,3260.66,16.65
0.12,14.44,156.32,300.51,3282.79,17.5
0.12,14.44,157.46,304.29,3306.56,18.05
0.12,14.48,158.52,284.63,3328.85,17.03
0.12,14.54,159.59,284.41,3351.48,17.46
0.12,14.57,160.66,291.28,3373.94,17.63
0.12,14.57,162.01,306.1,3402.3,17.78
0.12,14.59,163.16,315.11,3426.39,17.9
0.12,14.64,156.92,320.36,3452.13,17.87
0.17,14.68,158.12,315.96,3478.69,17.52
0.17,14.73,159.37,311.43,3506.23,17.93
0.17,14.8,160.31,331.94,3526.89,17.73
0.17,14.8,161.25,307.31,3547.54,18.27
0.17,14.8,162.49,307.48,3574.75,17.73
0.17,14.85,163.32,282.63,3593.12,17.71
0.17,14.89,164.57,273.28,3620.49,18.6
0.17,14.91,165.73,302.64,3646.07,18.59
0.17,14.92,159.61,288.15,3670.98,18.93
0.16,14.93,160.36,324.59,3688.36,18.29
0.16,14.92,161.53,301.5,3715.08,17.91
0.16,14.95,162.56,284.74,3738.85,17.75
0.16,14.97,163.67,302.75,3764.43,16.88
0.16,15,164.62,283.05,3786.23,17.87
0.16,15,165.6,301.01,3808.85,17.33
0.16,15.04,166.71,298.13,3834.43,18.66
0.16,15.06,167.51,290.16,3852.62,17.46
0.16,15.04,161.67,296.46,3880,17.43
0.14,15.06,162.65,295.5,3903.61,18.58
0.14,15.1,163.67,298.18,3928.03,18.19
0.14,15.1,164.45,282.81,3946.72,17.95
0.14,15.12,165.49,283.54,3971.8,17.53
0.14,15.15,166.41,316.66,3993.94,18.41
0.14,15.13,167.23,308.08,4013.44,16.9
0.14,15.13,168.32,295.38,4039.67,17.58
0.14,15.18,169.39,284.55,4065.25,18.19
0.14,15.15,163.65,287.68,4091.15,18.69
0.13,15.2,164.84,288.26,4120.98,17.98
0.13,15.2,166.1,286.5,4152.46,17.85
0.13,15.21,167.4,289.86,4185.08,18.88
0.13,15.23,168.79,281.54,4219.67,18.02
0.13,15.26,170.39,276.54,4259.67,18.94
0.13,15.26,171.86,295.08,4296.39,18.24
0.13,15.27,172.37,301.46,4309.18,18.12
0.13,15.27,166.68,287.24,4333.77,17.68
0.07,15.28,167.72,283.35,4360.66,18.52
0.07,15.3,168.42,294.93,4379.02,17.72
0.07,15.3,169.37,332.09,4403.61,17.49
0.07,15.32,170.32,260.53,4428.2,18.81
0.07,15.3,171.17,279.46,4450.33,19.01
0.07,15.32,172.01,292.71,4472.13,18.9
0.07,15.32,173.09,286.01,4500.33,18.9
0.07,15.32,173.89,297.98,4521.15,18
0.07,15.33,168.35,299.54,4545.57,17.57
0.08,15.36,169.25,292.31,4569.84,18.9
0.08,15.36,170.13,297,4593.61,18.35
0.08,15.41,171.18,285.44,4621.8,18.24
0.08,15.4,171.86,281.59,4640.16,17.8
0.08,15.38,172.76,281.6,4664.59,18.04
0.08,15.38,173.63,295.1,4688.03,18.75
0.08,15.41,174.39,284.68,4708.53,18.52
0.08,15.41,175.12,284.49,4728.2,18.87
0.08,15.39,169.91,295.74,4757.54,18.32
0.11,15.41,170.77,288.96,4781.48,18.77
0.11,15.41,171.48,300.16,4801.31,18.63
0.11,15.37,172.26,184.98,4823.28,18.52
0.11,15.4,172.57,38.75,4831.97,23.78
0.11,15.44,172.59,0,4832.62,0
0.11,15.44,172.76,0,4837.38,0
0.11,15.42,172.87,0,4840.33,0
0.11,15.42,173.14,0,4848.03,0
0.11,15.42,167.21,0,4849.02,0
0.16,15.44,167.23,0,4849.67,0
0.16,15.44,167.25,0,4850.33,0
0.16,15.44,167.27,0,4850.82,0
0.16,15.45,167.3,0,4851.8,0
0.16,15.43,167.31,0,4852.13,0
0.16,15.41,167.31,0,4852.13,0
0.16,15.37,167.33,0,4852.46,0
0.16,15.36,167.33,0,4852.62,0
0.16,15.31,161.75,0,4852.62,0
0.98,15.23,161.75,0,4852.62,0
0.98,15.08,161.75,0,4852.62,0
0.98,14.95,161.75,0,4852.62,0
0.98,14.67,161.75,0,4852.62,0
0.98,14.41,161.75,0,4852.62,0
0.98,14.1,161.75,0,4852.62,0
0.98,13.67,161.75,0,4852.62,0
0.98,13.23,161.75,0,4852.62,0
0.98,12.69,156.54,0,4852.62,0
1.68,12.18,156.54,0,4852.62,0
1.68,11.48,156.54,0,4852.62,0
1.68,10.88,156.54,0,4852.62,0
1.68,10.22,156.54,0,4852.62,0
1.68,9.59,156.54,0,4852.62,0
1.68,8.89,156.54,0,4852.62,0
1.68,8.34,156.54,0,4852.62,0
1.68,7.68,156.54,0,4852.62,0
1.68,7.09,156.54,0,4852.62,0
1.68,6.64,151.64,0,4852.62,0
2.33,6.12,151.64,0,4852.62,0
2.33,5.69,151.64,0,4852.62,0
2.33,5.18,151.64,0,4852.62,0
2.33,4.78,151.64,0,4852.62,0
2.33,4.36,151.64,0,4852.62,0
2.33,4.03,151.64,0,4852.62,0
2.33,3.7,151.64,0,4852.62,0
2.33,3.39,151.64,0,4852.62,0
2.33,3.08,147.05,0,4852.62,0
2.78,2.8,147.05,0,4852.62,0
2.78,2.62,147.05,0,4852.62,0
2.78,-0.03,147.05,0,4852.62,0