grid_active_power,wind_speed,relative_error,anomaly_status,anomaly_severity
-5.0,1.25,0.1,0,GOOD
-5.0,1.2,0.1,0,GOOD
-5.0,1.36,0.1,0,GOOD
-5.0,1.4,0.1,0,GOOD
1.18,1.2,0.0235,0,GOOD
5.6,1.19,0.1121,0,GOOD
4.41,1.28,0.0881,0,GOOD
6.03,1.22,0.1205,0,GOOD
-0.12,1.27,0.0024,0,GOOD
-2.73,1.25,0.0547,0,GOOD
-5.0,1.32,0.1,0,GOOD
-4.4,1.33,0.088,0,GOOD
-5.0,1.24,0.1,0,GOOD
-5.0,1.2,0.1,0,GOOD
0.89,1.4,0.0178,0,GOOD
-1.18,1.2,0.0236,0,GOOD
30.65,1.35,0.6129,0,GOOD
-5.0,1.34,0.1,0,GOOD
-1.25,1.31,0.025,0,GOOD
-5.0,1.31,0.1,0,GOOD
-3.88,1.31,0.0776,0,GOOD
-3.47,1.29,0.0694,0,GOOD
8.45,1.35,0.169,0,GOOD
-4.5,1.25,0.0899,0,GOOD
-1.91,1.22,0.0383,0,GOOD
-4.3,1.43,0.0861,0,GOOD
-5.0,1.38,0.1,0,GOOD
-5.0,1.25,0.1,0,GOOD
-3.82,1.34,0.0764,0,GOOD
0.74,1.36,0.0148,0,GOOD
5.59,1.24,0.1118,0,GOOD
-2.35,1.26,0.0469,0,GOOD
-2.52,1.17,0.0504,0,GOOD
-5.0,1.33,0.1,0,GOOD
5.4,1.35,0.1079,0,GOOD
-5.0,1.3,0.1,0,GOOD
7.47,1.25,0.1494,0,GOOD
13.16,1.22,0.2633,0,GOOD
-1.88,1.25,0.0376,0,GOOD
-5.0,1.33,0.1,0,GOOD
-0.17,1.28,0.0033,0,GOOD
3.49,1.33,0.0697,0,GOOD
-3.16,1.27,0.0631,0,GOOD
-5.0,1.28,0.1,0,GOOD
5.64,1.14,0.1127,0,GOOD
4.98,1.18,0.0995,0,GOOD
-3.46,1.19,0.0693,0,GOOD
-5.0,1.41,0.1,0,GOOD
4.56,1.36,0.0913,0,GOOD
-5.0,1.26,0.1,0,GOOD
2.14,1.25,0.0429,0,GOOD
1.51,1.11,0.0302,0,GOOD
-5.0,1.31,0.1,0,GOOD
0.81,1.14,0.0162,0,GOOD
5.15,1.23,0.1029,0,GOOD
6.37,1.29,0.1274,0,GOOD
1.17,1.26,0.0235,0,GOOD
-5.0,1.3,0.1,0,GOOD
12.77,1.42,0.2554,0,GOOD
4.11,1.32,0.0822,0,GOOD
-5.0,1.16,0.1,0,GOOD
-5.0,1.19,0.1,0,GOOD
2.31,1.15,0.0462,0,GOOD
6.8,1.26,0.136,0,GOOD
-4.88,1.18,0.0976,0,GOOD
8.26,1.37,0.1651,0,GOOD
-5.0,1.57,0.1,0,GOOD
-5.0,1.18,0.1,0,GOOD
-5.0,1.31,0.1,0,GOOD
-5.0,1.24,0.1,0,GOOD
15.08,1.27,0.3016,0,GOOD
20.58,1.3,0.4116,0,GOOD
2.35,1.18,0.0469,0,GOOD
-5.0,1.23,0.1,0,GOOD
-2.22,1.31,0.0443,0,GOOD
4.73,1.3,0.0947,0,GOOD
-5.0,1.23,0.1,0,GOOD
-5.0,1.19,0.1,0,GOOD
14.35,1.5,0.287,0,GOOD
-5.0,1.37,0.1,0,GOOD
-5.0,1.38,0.1,0,GOOD
0.13,1.27,0.0026,0,GOOD
2.83,1.22,0.0566,0,GOOD
-5.0,1.24,0.1,0,GOOD
0.77,1.16,0.0154,0,GOOD
6.08,1.44,0.1216,0,GOOD
19.61,1.27,0.3923,0,GOOD
-1.26,1.41,0.0252,0,GOOD
-0.41,1.24,0.0083,0,GOOD
15.27,1.33,0.3055,0,GOOD
-5.0,1.3,0.1,0,GOOD
-5.0,1.15,0.1,0,GOOD
2.5,1.46,0.05,0,GOOD
10.76,1.25,0.2152,0,GOOD
3.61,1.17,0.0722,0,GOOD
-0.97,1.35,0.0194,0,GOOD
-5.0,1.28,0.1,0,GOOD
-0.58,1.32,0.0117,0,GOOD
12.33,1.29,0.2466,0,GOOD
-5.0,1.08,0.1,0,GOOD
-2.45,1.2,0.0489,0,GOOD
-3.87,1.2,0.0775,0,GOOD
-5.0,1.76,0.1,0,GOOD
2.48,2.06,0.0496,0,GOOD
4.43,2.52,0.0887,0,GOOD
4.33,2.91,0.0866,0,GOOD
-5.0,3.33,0.1034,0,GOOD
-5.0,3.9,0.1701,0,GOOD
15.92,4.42,0.0449,0,GOOD
34.21,5.04,0.1196,0,GOOD
87.95,5.48,0.223,0,GOOD
126.28,5.85,0.1544,0,GOOD
182.87,6.28,0.098,0,GOOD
238.79,6.76,0.0518,0,GOOD
359.39,7.24,0.0022,0,GOOD
450.24,7.56,0.0014,0,GOOD
588.77,8.03,0.0219,0,GOOD
776.91,8.51,0.0195,0,GOOD
1151.6,9.27,0.0123,0,GOOD
1553.97,9.95,0.0217,0,GOOD
1826.57,10.3,0.0088,0,GOOD
2105.43,10.72,0.0342,0,GOOD
2416.29,11.0,0.0038,0,GOOD
2038.59,11.39,0.2699,1,LOW
3277.47,11.88,0.0111,0,GOOD
3349.52,12.48,0.0291,0,GOOD
3307.38,12.85,0.0413,0,GOOD
3417.76,13.22,0.0093,0,GOOD
3392.71,12.69,0.0166,0,GOOD
3353.3,12.86,0.028,0,GOOD
3406.94,13.39,0.0125,0,GOOD
3356.97,12.89,0.027,0,GOOD
3358.28,12.75,0.0266,0,GOOD
3385.87,13.37,0.0186,0,GOOD
3332.36,12.86,0.0341,0,GOOD
3380.06,13.5,0.0203,0,GOOD
3417.61,12.97,0.0094,0,GOOD
3366.96,13.31,0.0241,0,GOOD
3420.2,12.99,0.0086,0,GOOD
3431.8,13.1,0.0053,0,GOOD
3376.75,13.01,0.0212,0,GOOD
3298.73,12.99,0.0438,0,GOOD
3353.28,13.07,0.028,0,GOOD
3415.29,13.11,0.0101,0,GOOD
3337.73,13.06,0.0325,0,GOOD
3342.0,13.04,0.0313,0,GOOD
3410.01,12.92,0.0116,0,GOOD
3438.06,13.02,0.0035,0,GOOD
3385.78,13.28,0.0186,0,GOOD
3350.98,12.91,0.0287,0,GOOD
3361.56,13.07,0.0256,0,GOOD
3393.18,13.22,0.0165,0,GOOD
3372.92,13.11,0.0223,0,GOOD
3423.74,13.18,0.0076,0,GOOD
3364.18,12.85,0.0249,0,GOOD
3384.27,13.07,0.0191,0,GOOD
3393.95,12.99,0.0162,0,GOOD
3372.42,12.99,0.0225,0,GOOD
3407.41,13.27,0.0123,0,GOOD
3382.74,12.99,0.0195,0,GOOD
3418.59,13.08,0.0091,0,GOOD
3400.29,12.75,0.0144,0,GOOD
3404.83,13.31,0.0131,0,GOOD
3357.5,13.17,0.0268,0,GOOD
3337.84,13.02,0.0325,0,GOOD
3421.76,12.98,0.0082,0,GOOD
3395.35,13.13,0.0158,0,GOOD
3344.41,13.22,0.0306,0,GOOD
3380.53,13.31,0.0201,0,GOOD
3298.9,13.16,0.0438,0,GOOD
3350.81,13.04,0.0288,0,GOOD
3401.35,13.19,0.0141,0,GOOD
3388.91,13.16,0.0177,0,GOOD
3375.37,13.04,0.0216,0,GOOD
2764.44,13.15,0.1987,1,LOW
3377.01,13.15,0.0212,0,GOOD
3401.81,13.02,0.014,0,GOOD
3405.0,12.95,0.013,0,GOOD
1609.6,13.13,0.5334,1,MEDIUM
3380.99,12.87,0.02,0,GOOD
3389.02,12.84,0.0177,0,GOOD
3339.29,13.08,0.0321,0,GOOD
3355.57,13.13,0.0274,0,GOOD
3332.19,13.08,0.0341,0,GOOD
3324.21,13.1,0.0365,0,GOOD
3337.29,12.7,0.0327,0,GOOD
3449.25,13.13,0.0002,0,GOOD
3371.03,13.27,0.0229,0,GOOD
3389.44,13.17,0.0176,0,GOOD
3374.53,13.16,0.0219,0,GOOD
3317.4,13.07,0.0384,0,GOOD
3415.06,13.08,0.0101,0,GOOD
3315.05,13.01,0.0391,0,GOOD
3347.14,13.09,0.0298,0,GOOD
775.12,12.86,0.7753,1,HIGH
3397.24,13.27,0.0153,0,GOOD
3356.59,12.9,0.0271,0,GOOD
3332.26,13.17,0.0341,0,GOOD
3337.6,13.24,0.0326,0,GOOD
3338.27,13.17,0.0324,0,GOOD
3362.03,13.4,0.0255,0,GOOD
3423.13,12.71,0.0078,0,GOOD
3337.2,13.07,0.0327,0,GOOD
3395.39,12.78,0.0158,0,GOOD
3393.91,12.78,0.0163,0,GOOD
3406.0,13.1,0.0128,0,GOOD
3369.34,13.08,0.0234,0,GOOD
3410.19,12.66,0.0115,0,GOOD
3384.1,12.96,0.0191,0,GOOD
3384.33,13.14,0.019,0,GOOD
3327.17,12.93,0.0356,0,GOOD
3287.54,13.15,0.0471,0,GOOD
3398.2,13.12,0.015,0,GOOD
2621.93,13.0,0.24,1,LOW
3391.95,13.16,0.0168,0,GOOD
3375.38,13.12,0.0216,0,GOOD
3427.0,13.01,0.0067,0,GOOD
3362.21,12.71,0.0254,0,GOOD
3379.61,12.8,0.0204,0,GOOD
3394.38,12.92,0.0161,0,GOOD
3445.46,12.99,0.0013,0,GOOD
3373.27,13.21,0.0222,0,GOOD
3364.46,13.02,0.0248,0,GOOD
3334.82,13.02,0.0334,0,GOOD
3455.43,13.05,0.0016,0,GOOD
3388.06,12.94,0.018,0,GOOD
3380.44,12.89,0.0202,0,GOOD
3439.49,13.16,0.003,0,GOOD
3385.18,12.81,0.0188,0,GOOD
3326.33,12.87,0.0358,0,GOOD
3375.18,13.01,0.0217,0,GOOD
3359.9,13.18,0.0261,0,GOOD
3382.74,12.95,0.0195,0,GOOD
3372.15,12.93,0.0226,0,GOOD
3382.16,13.0,0.0197,0,GOOD
3329.37,13.09,0.035,0,GOOD
3419.62,12.98,0.0088,0,GOOD
3401.84,13.2,0.014,0,GOOD
3354.84,13.21,0.0276,0,GOOD
3399.59,13.01,0.0146,0,GOOD
3402.45,13.34,0.0138,0,GOOD
3389.49,13.04,0.0175,0,GOOD
3402.72,13.2,0.0137,0,GOOD
3373.81,13.09,0.0221,0,GOOD
3404.01,13.08,0.0133,0,GOOD
3417.02,12.78,0.0096,0,GOOD
3386.81,12.85,0.0183,0,GOOD
3365.09,12.99,0.0246,0,GOOD
3421.32,13.21,0.0083,0,GOOD
2819.08,13.09,0.1829,1,LOW
3398.42,12.99,0.0149,0,GOOD
3398.72,13.13,0.0149,0,GOOD
3351.97,13.2,0.0284,0,GOOD
3331.02,13.03,0.0345,0,GOOD
3372.99,13.07,0.0223,0,GOOD
3355.04,13.05,0.0275,0,GOOD
3337.59,13.02,0.0326,0,GOOD
2437.98,12.91,0.2933,1,LOW
3380.31,12.9,0.0202,0,GOOD
3426.21,13.13,0.0069,0,GOOD
3423.7,13.21,0.0076,0,GOOD
3298.81,12.99,0.0438,0,GOOD
3404.49,12.98,0.0132,0,GOOD
3365.33,13.59,0.0245,0,GOOD
3379.12,12.79,0.0205,0,GOOD
3369.29,13.18,0.0234,0,GOOD
3349.24,12.79,0.0292,0,GOOD
3394.77,12.95,0.016,0,GOOD
3395.5,13.1,0.0158,0,GOOD
3431.31,13.11,0.0054,0,GOOD
3381.67,12.98,0.0198,0,GOOD
3402.94,13.02,0.0136,0,GOOD
3411.23,13.09,0.0112,0,GOOD
2624.1,12.92,0.2394,1,LOW
3320.68,13.29,0.0375,0,GOOD
3413.88,12.89,0.0105,0,GOOD
3347.62,13.0,0.0297,0,GOOD
3419.5,12.96,0.0088,0,GOOD
3346.75,13.05,0.0299,0,GOOD
3322.55,13.28,0.0369,0,GOOD
3439.94,12.88,0.0029,0,GOOD
3335.21,13.1,0.0333,0,GOOD
3419.22,13.13,0.0089,0,GOOD
3387.16,13.22,0.0182,0,GOOD
3361.47,12.91,0.0257,0,GOOD
3387.22,12.9,0.0182,0,GOOD
3336.9,13.0,0.0328,0,GOOD
3391.15,13.01,0.0171,0,GOOD
3340.07,12.87,0.0319,0,GOOD
3397.81,13.14,0.0151,0,GOOD
3407.28,13.12,0.0124,0,GOOD
3380.74,13.36,0.0201,0,GOOD
3319.6,12.98,0.0378,0,GOOD
3408.27,12.87,0.0121,0,GOOD
3363.56,12.89,0.0251,0,GOOD
3365.24,13.09,0.0246,0,GOOD
3387.71,12.91,0.0181,0,GOOD
3376.85,13.15,0.0212,0,GOOD
3327.27,12.93,0.0356,0,GOOD
3440.94,13.06,0.0026,0,GOOD
3386.45,13.02,0.0184,0,GOOD
3401.23,12.89,0.0141,0,GOOD
3356.24,12.8,0.0272,0,GOOD
3420.21,13.23,0.0086,0,GOOD
3355.65,13.09,0.0273,0,GOOD
3319.0,12.85,0.038,0,GOOD
3350.44,12.86,0.0289,0,GOOD
3435.01,13.35,0.0043,0,GOOD
3404.83,12.9,0.0131,0,GOOD
3394.7,13.29,0.016,0,GOOD
2719.27,13.07,0.2118,1,LOW
3396.7,12.77,0.0154,0,GOOD
3368.14,12.96,0.0237,0,GOOD
3367.26,12.76,0.024,0,GOOD
3400.36,12.49,0.0144,0,GOOD
3311.63,11.98,0.0331,0,GOOD
3083.2,11.74,0.0242,0,GOOD
2723.0,11.37,0.019,0,GOOD
2541.93,11.22,0.0343,0,GOOD
2250.25,10.85,0.0165,0,GOOD
1942.73,10.47,0.016,0,GOOD
1781.75,10.24,0.0068,0,GOOD
1579.33,10.03,0.0389,0,GOOD
1449.42,9.78,0.0184,0,GOOD
1131.76,9.28,0.0346,0,GOOD
1016.04,9.04,0.028,0,GOOD
827.62,8.62,0.0152,0,GOOD
712.8,8.35,0.0159,0,GOOD
541.42,7.88,0.0146,0,GOOD
460.16,7.63,0.0216,0,GOOD
355.66,7.24,0.0107,0,GOOD
259.22,6.78,0.0131,0,GOOD
220.65,6.57,0.0273,0,GOOD
165.76,6.3,0.0218,0,GOOD
110.36,5.92,0.0657,0,GOOD
102.99,5.8,0.005,0,GOOD
62.57,5.44,0.0941,0,GOOD
94.4,5.77,0.0615,0,GOOD
116.58,5.68,0.2815,0,GOOD
92.05,5.69,0.0016,0,GOOD
122.03,5.96,0.002,0,GOOD
57.28,5.43,0.1542,0,GOOD
149.19,6.12,0.0355,0,GOOD
79.57,5.49,0.0833,0,GOOD
101.5,5.73,0.0594,0,GOOD
85.11,5.61,0.0119,0,GOOD
115.87,5.84,0.07,0,GOOD
120.37,5.86,0.0834,0,GOOD
103.09,5.79,0.0034,0,GOOD
94.88,5.75,0.0314,0,GOOD
83.63,5.52,0.1,0,GOOD
82.61,5.71,0.1238,0,GOOD
89.22,5.74,0.0846,0,GOOD
81.5,5.61,0.0325,0,GOOD
84.61,5.81,0.1945,0,GOOD
108.48,5.79,0.0551,0,GOOD
84.75,5.72,0.1103,0,GOOD
92.99,5.76,0.0686,0,GOOD
90.29,5.72,0.0494,0,GOOD
75.92,5.53,0.0056,0,GOOD
104.17,5.83,0.0319,0,GOOD
64.1,5.41,0.0281,0,GOOD
102.9,5.8,0.0134,0,GOOD
76.13,5.58,0.0646,0,GOOD
95.02,5.81,0.0993,0,GOOD
114.79,5.82,0.0822,0,GOOD
81.58,5.82,0.2312,0,GOOD
108.49,5.88,0.0402,0,GOOD
112.51,5.94,0.0652,0,GOOD
95.56,5.7,0.0207,0,GOOD
94.97,5.88,0.1566,0,GOOD
86.15,5.7,0.0764,0,GOOD
102.39,5.81,0.0244,0,GOOD
123.54,5.9,0.0716,0,GOOD
87.97,5.65,0.0009,0,GOOD
55.08,5.44,0.1995,0,GOOD
78.89,5.64,0.0913,0,GOOD
124.78,5.92,0.0575,0,GOOD
71.95,5.62,0.1559,0,GOOD
114.09,5.91,0.0242,0,GOOD
84.37,5.64,0.0289,0,GOOD
91.21,5.73,0.0574,0,GOOD
124.38,5.76,0.2452,0,GOOD
100.54,5.84,0.0696,0,GOOD
86.19,5.6,0.0418,0,GOOD
101.92,5.86,0.0809,0,GOOD
89.73,5.62,0.0513,0,GOOD
123.87,5.92,0.0476,0,GOOD
72.5,5.56,0.0826,0,GOOD
120.36,5.97,0.0293,0,GOOD
101.76,5.87,0.0932,0,GOOD
70.47,5.61,0.1613,0,GOOD
109.11,5.77,0.0804,0,GOOD
87.43,5.74,0.1012,0,GOOD
76.03,5.79,0.2584,0,GOOD
128.37,5.88,0.1373,0,GOOD
59.97,5.45,0.1392,0,GOOD
116.51,5.93,0.0231,0,GOOD
198.43,6.41,0.0557,0,GOOD
125.24,6.02,0.0365,0,GOOD
90.17,5.71,0.0463,0,GOOD
85.42,5.77,0.1481,0,GOOD
68.27,5.62,0.201,0,GOOD
127.42,6.02,0.018,0,GOOD
88.03,5.64,0.0148,0,GOOD
110.2,5.86,0.0005,0,GOOD
111.71,5.94,0.0716,0,GOOD
111.2,5.87,0.0051,0,GOOD
86.07,5.81,0.1831,0,GOOD
103.84,5.78,0.0243,0,GOOD
80.71,5.59,0.0142,0,GOOD
144.23,6.01,0.1202,0,GOOD
102.2,5.8,0.0176,0,GOOD
89.4,5.77,0.1085,0,GOOD
80.44,5.61,0.0467,0,GOOD
95.4,5.77,0.0557,0,GOOD
103.29,5.76,0.04,0,GOOD
127.37,6.02,0.0201,0,GOOD
87.16,5.77,0.1308,0,GOOD
83.05,5.77,0.1758,0,GOOD
84.55,5.61,0.0003,0,GOOD
100.97,5.66,0.1322,0,GOOD
106.57,5.84,0.0139,0,GOOD
81.23,5.52,0.0785,0,GOOD
122.69,5.9,0.0576,0,GOOD
118.61,5.91,0.018,0,GOOD
77.04,5.65,0.1225,0,GOOD
106.41,5.81,0.0093,0,GOOD
130.09,5.95,0.0754,0,GOOD
101.41,5.75,0.0338,0,GOOD
101.44,5.72,0.0641,0,GOOD
96.82,5.74,0.0025,1,MEDIUM
100.48,5.8,0.0338,0,GOOD
85.99,5.68,0.0535,0,GOOD
92.13,5.71,0.0211,0,GOOD
9.13,5.8,0.9125,1,HIGH
67.42,5.7,0.2748,0,GOOD
82.8,5.6,0.0078,0,GOOD
72.56,5.5,0.0245,0,GOOD
83.54,5.77,0.1694,0,GOOD
122.64,5.94,0.0244,0,GOOD
96.14,5.82,0.0951,0,GOOD
78.82,5.61,0.0607,0,GOOD
103.98,5.66,0.1672,0,GOOD
103.4,5.72,0.0859,0,GOOD
134.25,6.02,0.0271,0,GOOD
132.74,6.03,0.006,0,GOOD
125.64,6.01,0.0275,0,GOOD
120.28,5.78,0.1781,0,GOOD
160.66,6.21,0.0258,0,GOOD
78.7,5.67,0.1229,0,GOOD
78.93,5.71,0.1665,0,GOOD
116.84,5.89,0.02,0,GOOD
101.14,5.8,0.0311,0,GOOD
89.41,5.81,0.1509,0,GOOD
77.3,5.49,0.0525,0,GOOD
81.46,5.63,0.0517,0,GOOD
57.77,5.76,0.4177,1,LOW
91.24,5.67,0.0147,0,GOOD
73.55,5.58,0.0926,0,GOOD
95.91,5.68,0.0486,0,GOOD
98.61,5.8,0.0554,0,GOOD
104.36,5.87,0.0642,0,GOOD
67.02,5.5,0.0943,0,GOOD
110.28,5.76,0.1038,0,GOOD
93.67,5.75,0.0494,0,GOOD
26.99,5.8,0.7394,1,HIGH
101.97,5.61,0.212,0,GOOD
74.4,5.61,0.1183,0,GOOD
88.55,5.94,0.2636,0,GOOD
76.02,5.42,0.1401,0,GOOD
83.02,5.65,0.0562,0,GOOD
83.3,5.71,0.114,0,GOOD
87.46,5.72,0.0835,0,GOOD
84.01,5.67,0.0684,0,GOOD
47.79,5.83,0.5557,1,MEDIUM
107.74,5.82,0.0151,0,GOOD
108.54,5.74,0.1089,0,GOOD
83.11,5.56,0.0483,0,GOOD
87.32,5.69,0.0568,0,GOOD
73.24,5.56,0.073,0,GOOD
61.13,5.29,0.0741,0,GOOD
56.01,5.19,0.1289,0,GOOD
44.15,4.95,0.1843,0,GOOD
21.95,4.75,0.0644,0,GOOD
24.07,4.68,0.0313,0,GOOD
25.93,4.64,0.1035,0,GOOD
10.23,4.45,0.0842,0,GOOD
2.88,4.46,0.2355,0,GOOD
7.34,4.48,0.163,0,GOOD
14.56,4.55,0.0582,0,GOOD
22.29,4.5,0.1279,0,GOOD
30.02,4.55,0.2482,0,GOOD
-5.0,4.21,0.2687,0,GOOD
-0.48,4.06,0.1233,0,GOOD
-0.8,3.85,0.0735,0,GOOD
9.92,3.75,0.1585,0,GOOD
-4.43,3.57,0.1062,0,GOOD
-3.9,3.44,0.0861,0,GOOD
-5.0,3.55,0.116,0,GOOD
5.18,3.42,0.0966,0,GOOD
-1.4,3.36,0.0323,0,GOOD
-5.0,3.22,0.101,0,GOOD
-2.59,3.12,0.0519,0,GOOD
11.27,3.01,0.2254,0,GOOD
-5.0,2.95,0.1,0,GOOD
-5.0,2.98,0.1,0,GOOD
12.52,3.06,0.2505,0,GOOD
0.76,2.99,0.0152,0,GOOD
6.7,2.95,0.134,0,GOOD
4.02,2.7,0.0804,0,GOOD
-0.35,2.58,0.0071,0,GOOD
-3.48,2.58,0.0697,0,GOOD
8.32,2.57,0.1663,0,GOOD
11.62,2.48,0.2325,0,GOOD
10.84,2.48,0.2168,0,GOOD
-5.0,2.43,0.1,0,GOOD
13.05,2.46,0.261,0,GOOD
-3.58,1.31,0.0716,0,GOOD
-5.0,1.32,0.1,0,GOOD
-1.69,1.32,0.0339,0,GOOD
8.31,1.11,0.1662,0,GOOD
5.4,1.33,0.1081,0,GOOD
-2.55,1.21,0.0511,0,GOOD
8.38,1.24,0.1675,0,GOOD
1.4,1.28,0.028,0,GOOD
-5.0,1.45,0.1,0,GOOD
-5.0,1.18,0.1,0,GOOD
4.1,1.28,0.082,0,GOOD
-0.83,1.26,0.0165,0,GOOD
-5.0,1.38,0.1,0,GOOD
8.47,1.26,0.1694,0,GOOD
-4.8,1.31,0.0961,0,GOOD
15.92,1.18,0.3184,0,GOOD
-5.0,1.39,0.1,0,GOOD
-1.81,1.14,0.0361,0,GOOD
-5.0,1.33,0.1,0,GOOD
-5.0,1.31,0.1,0,GOOD
-4.87,1.32,0.0974,0,GOOD
17.71,1.14,0.3541,0,GOOD
1.43,1.25,0.0287,0,GOOD
-5.0,1.37,0.1,0,GOOD
-5.0,1.46,0.1,0,GOOD
-5.0,1.27,0.1,0,GOOD
-5.0,1.36,0.1,0,GOOD
-5.0,1.3,0.1,0,GOOD
-2.24,1.28,0.0448,0,GOOD
-5.0,1.24,0.1,0,GOOD
-0.92,1.28,0.0183,0,GOOD
10.28,1.35,0.2055,0,GOOD
16.23,1.36,0.3246,0,GOOD
-5.0,1.16,0.1,0,GOOD
-5.0,1.23,0.1,0,GOOD
-5.0,1.18,0.1,0,GOOD
1.46,1.29,0.0291,0,GOOD
-5.0,1.25,0.1,0,GOOD
16.82,1.32,0.3365,0,GOOD
0.44,1.32,0.0087,0,GOOD
-1.23,1.07,0.0246,0,GOOD
15.93,1.07,0.3185,0,GOOD
-0.16,1.28,0.0032,0,GOOD
4.0,1.4,0.0801,0,GOOD
-5.0,1.23,0.1,0,GOOD
-5.0,1.23,0.1,0,GOOD
-5.0,1.38,0.1,0,GOOD
21.87,1.36,0.4374,0,GOOD
6.33,1.19,0.1266,0,GOOD
2.75,1.35,0.0549,0,GOOD
-5.0,1.21,0.1,0,GOOD
9.11,1.23,0.1823,0,GOOD
-5.0,1.19,0.1,0,GOOD
-5.0,1.16,0.1,0,GOOD
-5.0,1.29,0.1,0,GOOD
19.54,1.15,0.3909,0,GOOD
18.98,1.3,0.3796,0,GOOD
-4.51,1.3,0.0902,0,GOOD
-5.0,1.27,0.1,0,GOOD
-5.0,1.24,0.1,0,GOOD
0.78,1.09,0.0156,0,GOOD
1.62,1.33,0.0324,0,GOOD
7.9,1.28,0.1579,0,GOOD
9.11,1.17,0.1821,0,GOOD
-1.97,1.12,0.0395,0,GOOD
5.56,1.31,0.1112,0,GOOD
-5.0,1.56,0.1,0,GOOD
5.37,1.43,0.1074,0,GOOD
-5.0,1.27,0.1,0,GOOD
4.59,1.29,0.0919,0,GOOD
3.79,1.24,0.0757,0,GOOD
0.69,1.13,0.0138,0,GOOD
7.95,1.26,0.1589,0,GOOD
-5.0,1.28,0.1,0,GOOD
-5.0,1.3,0.1,0,GOOD
-2.7,1.41,0.054,0,GOOD
-5.0,1.33,0.1,0,GOOD
-4.07,1.41,0.0814,0,GOOD
-3.75,1.34,0.0749,0,GOOD
13.1,1.34,0.2619,0,GOOD
1.43,1.35,0.0285,0,GOOD
10.29,1.2,0.2059,0,GOOD
3.02,1.37,0.0603,0,GOOD
-5.0,1.26,0.1,0,GOOD
1.34,1.26,0.0267,0,GOOD
7.29,1.29,0.1459,0,GOOD
11.93,1.25,0.2387,0,GOOD
-1.32,1.18,0.0265,0,GOOD
-5.0,1.28,0.1,0,GOOD
-5.0,1.26,0.1,0,GOOD
-3.26,1.26,0.0653,0,GOOD
-5.0,1.27,0.1,0,GOOD
17.95,1.07,0.359,0,GOOD
5.97,1.26,0.1194,0,GOOD
-5.0,1.42,0.1,0,GOOD
-5.0,1.41,0.1,0,GOOD
10.28,1.29,0.2056,0,GOOD
-5.0,1.28,0.1,0,GOOD
-5.0,1.05,0.1,0,GOOD
-5.0,1.23,0.1,0,GOOD
1.14,1.35,0.0228,0,GOOD
6.21,1.25,0.1242,0,GOOD
11.93,1.82,0.2385,0,GOOD
10.45,2.3,0.209,0,GOOD
0.01,2.87,0.0002,0,GOOD
10.41,3.35,0.2041,0,GOOD
-4.86,3.74,0.1352,0,GOOD
-5.0,4.28,0.2964,0,GOOD
17.63,4.74,0.1479,0,GOOD
40.76,5.2,0.1863,0,GOOD
98.7,5.83,0.0757,0,GOOD
114.51,5.99,0.0903,0,GOOD
158.57,6.27,0.0402,0,GOOD
218.66,6.58,0.0077,0,GOOD
313.11,6.99,0.0424,0,GOOD
384.03,7.41,0.055,0,GOOD
464.79,7.68,0.0445,0,GOOD
577.73,8.02,0.0347,0,GOOD
715.03,8.37,0.024,0,GOOD
1066.33,9.12,0.0159,0,GOOD
1443.48,9.79,0.0245,0,GOOD
1724.61,10.19,0.0201,0,GOOD
2072.76,10.6,0.0026,0,GOOD
2267.18,10.92,0.0344,0,GOOD
2535.94,11.14,0.0068,0,GOOD
2931.52,11.58,0.0193,0,GOOD
3292.97,11.91,0.0175,0,GOOD
3364.96,12.36,0.0246,0,GOOD
3318.36,12.78,0.0382,0,GOOD
3385.43,13.06,0.0187,0,GOOD
3395.05,13.1,0.0159,0,GOOD
3414.69,13.17,0.0102,0,GOOD
3387.53,12.76,0.0181,0,GOOD
3309.95,12.98,0.0406,0,GOOD
2227.87,13.13,0.3542,1,MEDIUM
3460.4,13.28,0.003,0,GOOD
3347.96,12.99,0.0296,0,GOOD
3456.27,13.34,0.0018,0,GOOD
2026.44,12.84,0.4126,1,MEDIUM
3381.68,13.27,0.0198,0,GOOD
3405.47,12.82,0.0129,0,GOOD
3351.71,13.1,0.0285,0,GOOD
3433.34,12.93,0.0048,0,GOOD
3386.56,12.92,0.0184,0,GOOD
3402.11,13.4,0.0139,0,GOOD
3383.31,13.17,0.0193,0,GOOD
3406.81,13.0,0.0125,0,GOOD
3430.84,12.61,0.0056,0,GOOD
3373.2,12.74,0.0223,0,GOOD
3427.45,12.84,0.0065,0,GOOD
3376.51,13.03,0.0213,0,GOOD
3401.95,13.1,0.0139,0,GOOD
3407.55,12.89,0.0123,0,GOOD
3346.9,13.15,0.0299,0,GOOD
3391.41,13.12,0.017,0,GOOD
3380.08,12.94,0.0203,0,GOOD
3343.69,12.84,0.0308,0,GOOD
3383.67,12.67,0.0192,0,GOOD
3403.33,13.08,0.0135,0,GOOD
3379.64,13.04,0.0204,0,GOOD
3389.89,13.13,0.0174,0,GOOD
3391.74,13.24,0.0169,0,GOOD
3364.21,13.3,0.0249,0,GOOD
3390.06,13.2,0.0174,0,GOOD
994.5,12.97,0.7117,1,HIGH
3438.43,13.0,0.0034,0,GOOD
3330.52,13.19,0.0346,0,GOOD
3366.7,12.9,0.0241,0,GOOD
3358.56,12.92,0.0265,0,GOOD
3446.75,13.16,0.0009,0,GOOD
3333.72,13.31,0.0337,0,GOOD
3416.81,13.19,0.0096,0,GOOD
3371.23,13.16,0.0228,0,GOOD
3397.53,13.02,0.0152,0,GOOD
3421.12,12.9,0.0084,0,GOOD
3416.54,13.14,0.0097,0,GOOD
3362.66,13.28,0.0253,0,GOOD
2384.69,12.97,0.3088,1,MEDIUM
3323.93,12.21,0.0365,0,GOOD
3386.28,13.29,0.0185,0,GOOD
3364.53,13.0,0.0248,0,GOOD
3387.26,12.69,0.0182,0,GOOD
3331.02,13.93,0.0345,0,GOOD
3389.51,12.82,0.0175,0,GOOD
3327.41,13.35,0.0355,0,GOOD
3391.11,13.06,0.0171,0,GOOD
3330.53,12.97,0.0346,0,GOOD
3335.99,13.07,0.033,0,GOOD
3400.61,12.78,0.0143,0,GOOD
3401.98,12.85,0.0139,0,GOOD
3423.63,13.04,0.0076,0,GOOD
3422.99,12.62,0.0078,0,GOOD
3364.8,13.15,0.0247,0,GOOD
3434.24,12.64,0.0046,0,GOOD
3343.93,13.23,0.0307,0,GOOD
1852.87,12.98,0.4629,1,MEDIUM
3353.32,13.16,0.028,0,GOOD
3353.49,13.1,0.028,0,GOOD
3408.9,13.33,0.0119,0,GOOD
3408.12,13.09,0.0121,0,GOOD
3398.16,13.22,0.015,0,GOOD
3389.42,12.94,0.0176,0,GOOD
2524.73,12.78,0.2682,1,LOW
3410.39,13.19,0.0115,0,GOOD
2640.33,12.78,0.2347,1,LOW
3416.92,13.15,0.0096,0,GOOD
3366.8,12.86,0.0241,0,GOOD
3411.42,13.08,0.0112,0,GOOD
3339.16,13.33,0.0321,0,GOOD
3367.57,13.14,0.0239,0,GOOD
3331.67,13.0,0.0343,0,GOOD
3386.52,13.1,0.0184,0,GOOD
3430.81,12.95,0.0056,0,GOOD
3367.09,13.4,0.024,0,GOOD
3372.44,12.92,0.0225,0,GOOD
3405.99,13.01,0.0128,0,GOOD
3314.82,13.12,0.0392,0,GOOD
3360.84,13.09,0.0258,0,GOOD
3383.57,13.11,0.0193,0,GOOD
3291.36,12.95,0.046,0,GOOD
3354.6,12.99,0.0277,0,GOOD
3408.57,13.18,0.012,0,GOOD
2874.36,13.17,0.1669,1,LOW
3384.39,13.09,0.019,0,GOOD
3416.89,13.24,0.0096,0,GOOD
3391.18,13.19,0.0171,0,GOOD
3408.06,13.17,0.0122,0,GOOD
3366.85,12.78,0.0241,0,GOOD
3375.75,13.09,0.0215,0,GOOD
3368.37,13.06,0.0237,0,GOOD
3419.06,13.27,0.009,0,GOOD
3435.36,12.57,0.0042,0,GOOD
3413.11,13.01,0.0107,0,GOOD
3361.22,13.05,0.0257,0,GOOD
3358.19,12.86,0.0266,0,GOOD
3417.89,12.89,0.0093,0,GOOD
3407.91,13.27,0.0122,0,GOOD
3369.03,13.11,0.0235,0,GOOD
3353.55,13.33,0.028,0,GOOD
3393.97,13.0,0.0162,0,GOOD
3360.98,12.81,0.0258,0,GOOD
3391.18,12.98,0.017,0,GOOD
3435.28,12.95,0.0043,0,GOOD
3447.84,13.14,0.0006,0,GOOD
2541.45,13.14,0.2633,1,LOW
3329.59,13.11,0.0349,0,GOOD
3389.22,13.39,0.0176,0,GOOD
3435.19,13.23,0.0043,0,GOOD
3346.48,12.9,0.03,0,GOOD
3391.72,13.19,0.0169,0,GOOD
3434.99,13.04,0.0043,0,GOOD
3400.72,13.0,0.0143,0,GOOD
3451.13,13.26,0.0003,0,GOOD
2649.25,12.89,0.2321,1,LOW
3354.58,13.18,0.0277,0,GOOD
2912.22,13.15,0.1559,1,LOW
3355.09,12.88,0.0275,0,GOOD
3387.37,12.77,0.0182,0,GOOD
3385.51,13.02,0.0187,0,GOOD
3408.31,12.56,0.0121,0,GOOD
3391.99,13.21,0.0168,0,GOOD
3393.5,13.09,0.0164,0,GOOD
3367.72,13.26,0.0238,0,GOOD
3405.23,13.08,0.013,0,GOOD
3454.95,13.27,0.0014,0,GOOD
3417.72,12.94,0.0094,0,GOOD
2919.33,13.11,0.1538,1,LOW
3329.46,12.97,0.0349,0,GOOD
3351.06,13.01,0.0287,0,GOOD
3376.63,13.05,0.0213,0,GOOD
3361.02,13.09,0.0258,0,GOOD
3384.88,12.92,0.0189,0,GOOD
3448.36,13.11,0.0005,0,GOOD
3434.95,13.04,0.0044,0,GOOD
3364.2,12.81,0.0249,0,GOOD
3341.53,12.75,0.0314,0,GOOD
3423.5,13.21,0.0077,0,GOOD
3378.32,12.67,0.0208,0,GOOD
3330.08,13.01,0.0348,0,GOOD
3415.31,12.8,0.0101,0,GOOD
3430.37,13.31,0.0057,0,GOOD
3301.56,13.12,0.043,0,GOOD
3351.45,13.09,0.0286,0,GOOD
3374.66,12.9,0.0218,0,GOOD
3388.99,12.81,0.0177,0,GOOD
3376.6,13.06,0.0213,0,GOOD
3349.07,13.03,0.0293,0,GOOD
3411.15,12.86,0.0113,0,GOOD
3371.63,12.86,0.0227,0,GOOD
3387.25,12.85,0.0182,0,GOOD
3333.42,12.84,0.0338,0,GOOD
3349.81,12.93,0.029,0,GOOD
3409.96,13.09,0.0116,0,GOOD
3383.91,13.11,0.0192,0,GOOD
3411.56,13.03,0.0111,0,GOOD
3373.49,13.05,0.0222,0,GOOD
3362.91,13.12,0.0252,0,GOOD
3413.28,12.71,0.0106,0,GOOD
3344.8,13.07,0.0305,0,GOOD
3433.84,13.24,0.0047,0,GOOD
3425.03,12.72,0.0072,0,GOOD
3398.76,12.59,0.0149,0,GOOD
3367.81,13.0,0.0238,0,GOOD
3357.59,13.2,0.0268,0,GOOD
3359.18,13.01,0.0263,0,GOOD
3334.0,13.13,0.0336,0,GOOD
3379.08,13.08,0.0206,0,GOOD
3403.41,12.85,0.0135,0,GOOD
3395.98,12.88,0.0157,0,GOOD
3334.7,12.76,0.0334,0,GOOD
3422.05,13.27,0.0081,0,GOOD
3405.15,13.17,0.013,0,GOOD
3447.17,13.02,0.0008,0,GOOD
3403.12,12.69,0.0136,0,GOOD
3430.06,12.17,0.0058,0,GOOD
3136.0,11.77,0.0179,0,GOOD
2913.9,11.53,0.0096,0,GOOD
2601.29,11.28,0.0318,0,GOOD
2203.67,10.79,0.015,0,GOOD
1882.67,10.4,0.0187,0,GOOD
1600.54,10.03,0.0262,0,GOOD
1391.4,9.68,0.0151,0,GOOD
1104.41,9.22,0.0284,0,GOOD
903.58,8.84,0.0407,0,GOOD
757.36,8.45,0.0109,0,GOOD
658.37,8.24,0.0329,0,GOOD
595.87,8.03,0.0134,0,GOOD
496.19,7.72,0.0002,0,GOOD
395.91,7.37,0.0053,0,GOOD
319.85,7.08,0.0053,0,GOOD
246.4,6.68,0.0443,0,GOOD
162.95,6.24,0.0116,0,GOOD
107.47,5.83,0.0063,0,GOOD
70.01,5.45,0.0089,0,GOOD
25.19,5.01,0.2603,0,GOOD
33.02,4.72,0.1759,0,GOOD
-5.0,4.51,0.4251,0,GOOD
72.0,5.54,0.0753,0,GOOD
96.13,5.73,0.0069,0,GOOD
89.97,5.76,0.0994,0,GOOD
110.93,5.93,0.0692,0,GOOD
86.11,5.46,0.2289,0,GOOD
127.46,5.93,0.0684,0,GOOD
98.92,5.84,0.09,0,GOOD
90.93,5.75,0.075,0,GOOD
54.16,5.44,0.2096,0,GOOD
91.1,5.63,0.0611,0,GOOD
76.75,5.57,0.0462,0,GOOD
74.66,5.74,0.2341,0,GOOD
104.12,5.82,0.0173,0,GOOD
107.18,5.81,0.0202,0,GOOD
132.91,5.99,0.0545,0,GOOD
98.37,5.76,0.009,0,GOOD
114.72,5.94,0.0486,0,GOOD
111.84,5.72,0.172,0,GOOD
106.38,5.84,0.0152,0,GOOD
102.61,5.74,0.0598,0,GOOD
96.93,5.81,0.0729,0,GOOD
103.16,5.76,0.0372,0,GOOD
75.37,5.67,0.1639,0,GOOD
141.99,6.17,0.0612,0,GOOD
91.62,5.81,0.1284,0,GOOD
101.12,5.85,0.0734,0,GOOD
123.07,5.87,0.0975,0,GOOD
96.63,5.79,0.0624,0,GOOD
74.72,5.44,0.0904,0,GOOD
118.37,5.82,0.1177,0,GOOD
81.66,5.59,0.0123,0,GOOD
109.58,5.79,0.0708,0,GOOD
107.86,5.81,0.0325,0,GOOD
74.27,5.52,0.0175,0,GOOD
104.69,5.77,0.0445,0,GOOD
96.21,5.56,0.2124,0,GOOD
60.22,5.43,0.1104,0,GOOD
66.57,5.56,0.1583,0,GOOD
86.64,5.75,0.1186,0,GOOD
104.61,5.74,0.0739,0,GOOD
103.22,5.69,0.1148,0,GOOD
100.55,5.84,0.073,0,GOOD
72.17,5.73,0.2525,0,GOOD
97.33,5.82,0.0828,0,GOOD
114.18,5.87,0.0198,0,GOOD
139.25,6.1,0.012,0,GOOD
98.38,5.75,0.0017,0,GOOD
111.52,5.93,0.0654,0,GOOD
112.22,5.8,0.0839,0,GOOD
104.74,5.81,0.0028,0,GOOD
101.36,5.75,0.0265,0,GOOD
102.13,5.78,0.0003,0,GOOD
98.93,5.73,0.0232,0,GOOD
116.88,5.9,0.0086,0,GOOD
79.14,5.66,0.1154,0,GOOD
81.54,5.56,0.0325,0,GOOD
97.06,5.69,0.0534,0,GOOD
99.86,5.68,0.1012,0,GOOD
93.62,5.69,0.0161,0,GOOD
88.09,5.75,0.1008,0,GOOD
83.06,5.69,0.0989,0,GOOD
91.04,5.74,0.0687,0,GOOD
92.81,5.69,0.0063,0,GOOD
101.67,5.82,0.045,0,GOOD
125.71,6.1,0.1066,0,GOOD
89.97,5.79,0.1284,0,GOOD
70.36,5.7,0.2417,0,GOOD
36.11,5.44,0.4747,0,GOOD
128.27,6.03,0.0275,0,GOOD
125.3,5.8,0.2037,0,GOOD
113.48,5.74,0.1624,0,GOOD
57.96,5.45,0.164,0,GOOD
97.5,5.75,0.009,0,GOOD
85.59,5.78,0.1612,0,GOOD
77.69,5.69,0.1581,0,GOOD
67.66,5.58,0.1657,0,GOOD
75.51,5.57,0.0599,0,GOOD
126.48,6.03,0.0438,0,GOOD
102.49,5.78,0.0089,0,GOOD
98.41,5.69,0.0666,0,GOOD
95.44,5.77,0.0519,0,GOOD
97.59,5.76,0.0205,0,GOOD
67.38,5.56,0.1549,0,GOOD
97.61,5.89,0.1486,0,GOOD
81.58,5.74,0.1611,0,GOOD
106.45,5.78,0.0456,0,GOOD
117.58,5.97,0.0539,0,GOOD
60.98,5.58,0.2514,0,GOOD
85.9,5.66,0.0324,0,GOOD
91.73,5.81,0.1259,0,GOOD
128.38,5.89,0.1232,0,GOOD
83.51,5.68,0.0821,0,GOOD
97.25,5.69,0.06,0,GOOD
117.84,5.85,0.0716,0,GOOD
126.63,6.08,0.0869,0,GOOD
100.19,5.78,0.0097,0,GOOD
91.12,5.66,0.0268,0,GOOD
84.54,5.62,0.0039,0,GOOD
99.53,5.75,0.0164,0,GOOD
98.04,5.88,0.1359,0,GOOD
151.78,6.16,0.0175,0,GOOD
88.92,5.72,0.0683,0,GOOD
104.02,5.78,0.0279,0,GOOD
133.46,6.0,0.0399,0,GOOD
108.92,5.81,0.0405,0,GOOD
105.44,5.8,0.0204,0,GOOD
119.27,5.97,0.0383,1,LOW
106.88,5.78,0.0524,0,GOOD
100.84,5.63,0.1741,0,GOOD
117.69,5.94,0.0167,0,GOOD
78.76,5.54,0.0124,0,GOOD
122.98,5.91,0.057,0,GOOD
92.08,5.76,0.079,0,GOOD
80.03,5.72,0.1628,0,GOOD
98.93,5.72,0.0389,0,GOOD
94.25,5.74,0.037,0,GOOD
79.95,5.7,0.1451,0,GOOD
109.61,5.83,0.0246,0,GOOD
106.08,5.71,0.1285,0,GOOD
55.74,5.5,0.2431,0,GOOD
109.04,5.77,0.0894,0,GOOD
88.72,5.9,0.2314,0,GOOD
66.79,5.49,0.0849,0,GOOD
117.16,5.76,0.1717,0,GOOD
87.48,5.7,0.0617,0,GOOD
114.1,5.9,0.0075,0,GOOD
101.71,5.73,0.0574,0,GOOD
94.6,5.87,0.1573,0,GOOD
108.28,5.86,0.0176,0,GOOD
109.32,5.86,0.0124,0,GOOD
142.59,5.98,0.1342,0,GOOD
81.56,5.73,0.1565,0,GOOD
95.07,5.77,0.0585,0,GOOD
94.84,5.82,0.1098,0,GOOD
88.55,5.78,0.1271,0,GOOD
105.14,5.73,0.0928,0,GOOD
63.19,5.64,0.2738,1,LOW
92.1,5.77,0.0814,0,GOOD
72.71,5.56,0.0799,0,GOOD
65.36,5.48,0.0949,0,GOOD
76.45,5.61,0.0903,0,GOOD
67.44,5.58,0.1704,0,GOOD
60.21,5.4,0.0739,0,GOOD
54.29,5.31,0.0749,0,GOOD
39.61,5.17,0.1758,0,GOOD
47.21,5.14,0.0125,0,GOOD
44.3,5.09,0.0194,0,GOOD
26.33,4.9,0.1235,0,GOOD
24.63,4.77,0.0345,0,GOOD
47.95,4.79,0.4165,0,GOOD
45.01,4.73,0.4113,0,GOOD
3.75,4.45,0.2153,0,GOOD
4.3,4.42,0.187,0,GOOD
-3.07,4.19,0.2189,0,GOOD
19.74,4.25,0.2114,0,GOOD
5.37,4.26,0.0825,0,GOOD
10.23,4.19,0.0459,0,GOOD
26.11,4.1,0.3967,0,GOOD
3.99,3.97,0.0054,0,GOOD
10.93,3.94,0.1402,0,GOOD
7.44,3.79,0.1029,0,GOOD
-4.24,3.71,0.1181,0,GOOD
12.2,3.7,0.2111,0,GOOD
-5.0,3.53,0.1139,0,GOOD
13.59,3.35,0.2679,0,GOOD
-5.0,3.09,0.1001,0,GOOD
-4.78,2.86,0.0956,0,GOOD
-5.0,2.53,0.1,0,GOOD
-5.0,2.51,0.1,0,GOOD
-4.27,2.62,0.0854,0,GOOD
-5.0,2.68,0.1,0,GOOD
-2.33,2.38,0.0467,0,GOOD
-5.0,2.36,0.1,0,GOOD
7.9,2.42,0.158,0,GOOD
4.23,2.26,0.0846,0,GOOD
-5.0,2.16,0.1,0,GOOD
-4.59,1.81,0.0917,0,GOOD
-2.35,1.74,0.0469,0,GOOD
14.86,1.5,0.2972,0,GOOD
-5.0,1.42,0.1,0,GOOD
-5.0,1.12,0.1,0,GOOD
-5.0,1.34,0.1,0,GOOD
-5.0,1.21,0.1,0,GOOD
3.07,1.07,0.0614,0,GOOD
2.03,1.23,0.0406,0,GOOD
12.83,1.33,0.2566,0,GOOD
10.41,1.18,0.2083,0,GOOD
23.97,1.39,0.4794,0,GOOD
-0.74,1.27,0.0148,0,GOOD
-2.61,1.89,0.0521,0,GOOD
-5.0,1.24,0.1,0,GOOD
6.97,1.21,0.1393,0,GOOD
1.19,1.34,0.0237,0,GOOD
6.51,1.4,0.1303,0,GOOD
-5.0,1.22,0.1,0,GOOD
3.52,1.25,0.0703,0,GOOD
2.05,1.17,0.041,0,GOOD
1.39,1.09,0.0278,0,GOOD
-5.0,1.28,0.1,0,GOOD
11.89,1.23,0.2379,0,GOOD
20.5,1.37,0.4101,0,GOOD
-5.0,1.11,0.1,0,GOOD
7.2,1.2,0.1441,0,GOOD
-5.0,1.15,0.1,0,GOOD
6.69,1.28,0.1337,0,GOOD
-5.0,1.22,0.1,0,GOOD
-5.0,1.16,0.1,0,GOOD
-5.0,1.16,0.1,0,GOOD
-2.16,1.25,0.0431,0,GOOD
8.39,1.21,0.1678,0,GOOD
-5.0,1.2,0.1,0,GOOD
-3.59,1.29,0.0719,0,GOOD
-5.0,1.11,0.1,0,GOOD
15.81,1.31,0.3162,0,GOOD
4.32,1.37,0.0864,0,GOOD
-5.0,1.25,0.1,0,GOOD
-4.71,1.3,0.0943,0,GOOD
15.56,1.26,0.3112,0,GOOD
7.14,1.21,0.1429,0,GOOD
-5.0,1.31,0.1,0,GOOD
-2.67,1.24,0.0534,0,GOOD
-2.35,1.26,0.047,0,GOOD
-5.0,1.29,0.1,0,GOOD
-5.0,1.15,0.1,0,GOOD
-5.0,0.79,0.1,0,GOOD
13.89,1.33,0.2778,0,GOOD
-3.81,1.23,0.0762,0,GOOD
-1.03,1.26,0.0207,0,GOOD
1.41,1.25,0.0281,0,GOOD
22.18,1.21,0.4436,0,GOOD
0.09,1.15,0.0018,0,GOOD
10.94,1.34,0.2188,0,GOOD
-5.0,1.38,0.1,0,GOOD
-2.59,1.32,0.0519,0,GOOD
0.13,1.27,0.0025,0,GOOD
-5.0,1.5,0.1,0,GOOD
-2.04,1.22,0.0407,0,GOOD
8.88,1.31,0.1776,0,GOOD
-5.0,1.4,0.1,0,GOOD
0.0,1.17,0.0,0,GOOD
7.09,1.35,0.1417,0,GOOD
-5.0,1.46,0.1,0,GOOD
10.95,1.28,0.2191,0,GOOD
0.73,1.3,0.0146,0,GOOD
-1.65,1.22,0.033,0,GOOD
-5.0,1.33,0.1,0,GOOD
-3.74,1.2,0.0747,0,GOOD
3.72,1.28,0.0743,0,GOOD
17.45,1.14,0.3491,0,GOOD
5.68,1.02,0.1136,0,GOOD
11.26,1.24,0.2252,0,GOOD
-5.0,1.23,0.1,0,GOOD
-1.27,1.24,0.0254,0,GOOD
12.21,1.36,0.2441,0,GOOD
-5.0,1.38,0.1,0,GOOD
9.65,1.31,0.193,0,GOOD
7.33,1.35,0.1467,0,GOOD
2.75,1.21,0.0549,0,GOOD
-3.29,1.18,0.0657,0,GOOD
-5.0,1.33,0.1,0,GOOD
17.75,1.17,0.3551,0,GOOD
6.32,1.16,0.1264,0,GOOD
3.41,1.57,0.0681,0,GOOD
-4.13,1.29,0.0826,0,GOOD
0.38,1.23,0.0076,0,GOOD
1.65,1.22,0.0329,0,GOOD
4.0,1.14,0.08,0,GOOD
7.34,1.31,0.1469,0,GOOD
-5.0,1.25,0.1,0,GOOD
-5.0,2.44,0.1,0,GOOD
0.84,1.26,0.0169,0,GOOD
-5.0,1.14,0.1,0,GOOD
-3.24,1.26,0.0647,0,GOOD
-5.0,1.23,0.1,0,GOOD
4.92,1.28,0.0983,0,GOOD
19.83,1.07,0.3965,0,GOOD
-5.0,1.32,0.1,0,GOOD
22.74,1.17,0.4548,0,GOOD
-2.33,1.39,0.0466,0,GOOD
3.48,1.27,0.0696,0,GOOD
-5.0,1.22,0.1,0,GOOD
9.97,1.3,0.1994,0,GOOD
0.41,1.3,0.0083,0,GOOD
-0.61,1.76,0.0123,0,GOOD
-5.0,2.3,0.1,0,GOOD
0.74,2.86,0.0148,0,GOOD
8.51,3.22,0.1692,0,GOOD
-1.94,3.45,0.0475,0,GOOD
17.63,4.09,0.2312,0,GOOD
29.33,4.57,0.2211,0,GOOD
21.22,4.81,0.1411,0,GOOD
64.17,5.18,0.3026,0,GOOD
94.92,5.72,0.0078,0,GOOD
143.52,6.14,0.0223,0,GOOD
203.0,6.53,0.0264,0,GOOD
333.81,7.15,0.0141,0,GOOD
387.63,7.48,0.0873,0,GOOD
522.38,7.83,0.022,0,GOOD
671.0,8.31,0.0527,0,GOOD
922.4,8.81,0.005,0,GOOD
1194.36,9.32,0.0004,0,GOOD
1527.75,9.88,0.0084,0,GOOD
1827.67,10.35,0.0292,0,GOOD
2219.05,10.86,0.0361,0,GOOD
2631.21,11.28,0.0223,0,GOOD
3137.51,11.74,0.0082,0,GOOD
3388.06,12.21,0.018,0,GOOD
3339.77,12.69,0.0319,0,GOOD
3401.58,13.23,0.014,0,GOOD
3447.84,13.12,0.0006,0,GOOD
3404.67,12.9,0.0131,0,GOOD
3335.04,13.03,0.0333,0,GOOD
3400.03,13.39,0.0145,0,GOOD
3450.53,13.1,0.0002,0,GOOD
3315.82,13.05,0.0389,0,GOOD
3382.3,12.97,0.0196,0,GOOD
3379.41,12.9,0.0205,0,GOOD
3382.96,13.07,0.0194,0,GOOD
3385.89,13.08,0.0186,0,GOOD
3410.69,13.02,0.0114,0,GOOD
3373.91,13.46,0.0221,0,GOOD
3443.45,12.92,0.0019,0,GOOD
3395.68,12.88,0.0157,0,GOOD
3368.89,12.97,0.0235,0,GOOD
3360.73,13.02,0.0259,0,GOOD
3308.5,12.9,0.041,0,GOOD
3396.94,13.07,0.0154,0,GOOD
3467.6,13.09,0.0051,0,GOOD
3381.52,13.14,0.0199,0,GOOD
1404.18,12.95,0.593,1,MEDIUM
3372.14,13.24,0.0226,0,GOOD
3377.85,13.13,0.0209,0,GOOD
3431.4,13.48,0.0054,0,GOOD
3470.36,12.91,0.0059,0,GOOD
3430.0,12.9,0.0058,0,GOOD
3415.51,12.98,0.01,0,GOOD
3383.06,13.09,0.0194,0,GOOD
3381.91,13.11,0.0197,0,GOOD
3357.71,13.13,0.0268,0,GOOD
3337.75,13.37,0.0325,0,GOOD
3344.29,12.73,0.0306,0,GOOD
3373.91,12.75,0.0221,0,GOOD
3366.29,13.01,0.0243,0,GOOD
3325.75,13.35,0.036,0,GOOD
3371.29,13.15,0.0228,0,GOOD
3373.15,12.87,0.0223,0,GOOD
3344.72,13.06,0.0305,0,GOOD
3378.02,13.0,0.0209,0,GOOD
3361.35,13.0,0.0257,0,GOOD
3353.95,12.95,0.0278,0,GOOD
3428.52,13.05,0.0062,0,GOOD
2458.32,13.21,0.2874,1,LOW
2917.94,12.96,0.1542,1,LOW
3379.36,13.13,0.0205,0,GOOD
3395.65,13.16,0.0158,0,GOOD
3406.66,13.24,0.0126,0,GOOD
3373.54,12.89,0.0222,0,GOOD
3349.6,13.03,0.0291,0,GOOD
3372.02,12.93,0.0226,0,GOOD
3385.02,13.05,0.0188,0,GOOD
3443.08,13.05,0.002,0,GOOD
3365.25,12.86,0.0246,0,GOOD
3393.4,13.06,0.0164,0,GOOD
3444.64,13.38,0.0016,0,GOOD
3388.39,13.11,0.0179,0,GOOD
3414.97,12.83,0.0102,0,GOOD
3394.08,12.88,0.0162,0,GOOD
3412.05,13.03,0.011,0,GOOD
3398.81,12.89,0.0148,0,GOOD
3413.84,13.23,0.0105,0,GOOD
3377.04,12.81,0.0211,0,GOOD
3375.45,13.11,0.0216,0,GOOD
3392.4,12.78,0.0167,0,GOOD
3437.59,13.02,0.0036,0,GOOD
3421.57,12.87,0.0082,0,GOOD
2211.73,13.14,0.3589,1,MEDIUM
3399.94,13.2,0.0145,0,GOOD
2642.32,13.09,0.2341,1,LOW
3381.59,13.21,0.0198,0,GOOD
3416.08,12.65,0.0098,0,GOOD
3426.89,13.05,0.0067,0,GOOD
3352.92,13.11,0.0281,0,GOOD
3364.27,13.13,0.0248,0,GOOD
3452.17,12.74,0.0006,0,GOOD
3395.42,13.1,0.0158,0,GOOD
3446.63,13.13,0.001,0,GOOD
3374.11,13.05,0.022,0,GOOD
3383.87,12.83,0.0192,0,GOOD
3372.12,12.94,0.0226,0,GOOD
3424.76,13.23,0.0073,0,GOOD
3440.82,13.21,0.0027,0,GOOD
3363.04,13.11,0.0252,0,GOOD
3370.15,13.14,0.0231,0,GOOD
3420.2,13.19,0.0086,0,GOOD
3361.99,13.1,0.0255,0,GOOD
3368.28,13.22,0.0237,0,GOOD
3405.08,13.22,0.013,0,GOOD
3418.44,13.44,0.0091,0,GOOD
3395.79,12.95,0.0157,0,GOOD
3391.36,12.95,0.017,0,GOOD
3330.67,12.59,0.0346,0,GOOD
3354.18,13.09,0.0278,0,GOOD
3380.11,13.34,0.0203,0,GOOD
3372.48,13.24,0.0225,0,GOOD
3368.67,13.16,0.0236,0,GOOD
3366.97,13.25,0.0241,0,GOOD
3347.71,13.11,0.0296,0,GOOD
3392.78,12.99,0.0166,0,GOOD
3310.01,13.39,0.0406,0,GOOD
3361.53,13.1,0.0256,0,GOOD
3319.79,13.21,0.0377,0,GOOD
3364.63,12.65,0.0247,0,GOOD
3343.02,12.68,0.031,0,GOOD
3383.93,13.06,0.0192,0,GOOD
3441.0,12.89,0.0026,0,GOOD
3449.6,12.37,0.0001,0,GOOD
3323.35,13.05,0.0367,0,GOOD
3398.76,13.17,0.0149,0,GOOD
3342.64,13.17,0.0311,0,GOOD
3327.54,13.0,0.0355,0,GOOD
3379.89,13.0,0.0203,0,GOOD
3437.69,12.88,0.0036,0,GOOD
3395.21,12.92,0.0159,0,GOOD
3349.05,13.15,0.0293,0,GOOD
3417.53,13.13,0.0094,0,GOOD
3299.02,13.06,0.0438,0,GOOD
3350.92,12.68,0.0287,0,GOOD
3348.84,13.08,0.0293,0,GOOD
3383.05,13.28,0.0194,0,GOOD
3358.27,12.87,0.0266,0,GOOD
3370.73,13.11,0.023,0,GOOD
3377.28,13.27,0.0211,0,GOOD
3384.01,12.97,0.0191,0,GOOD
3411.21,13.16,0.0112,0,GOOD
3404.55,12.99,0.0132,0,GOOD
3386.31,13.29,0.0185,0,GOOD
3404.01,12.64,0.0133,0,GOOD
3408.01,12.92,0.0122,0,GOOD
3355.59,13.02,0.0274,0,GOOD
3379.13,13.16,0.0205,0,GOOD
3426.94,12.95,0.0067,0,GOOD
3351.17,12.93,0.0286,0,GOOD
3449.49,13.14,0.0001,0,GOOD
3333.59,13.03,0.0337,0,GOOD
3376.95,13.15,0.0212,0,GOOD
3360.83,13.08,0.0258,0,GOOD
3458.8,12.85,0.0026,0,GOOD
3363.31,13.0,0.0251,0,GOOD
3355.38,13.13,0.0274,0,GOOD
3359.63,13.19,0.0262,0,GOOD
3377.49,12.92,0.021,0,GOOD
3372.24,13.12,0.0225,0,GOOD
3381.61,12.77,0.0198,0,GOOD
3245.1,12.98,0.0594,0,GOOD
3377.93,12.95,0.0209,0,GOOD
3384.05,13.28,0.0191,0,GOOD
3407.83,12.8,0.0122,0,GOOD
1609.03,13.25,0.5336,1,MEDIUM
3371.45,12.93,0.0228,0,GOOD
3401.93,12.66,0.0139,0,GOOD
3343.53,12.99,0.0309,0,GOOD
3411.4,12.96,0.0112,0,GOOD
3352.76,13.21,0.0282,0,GOOD
3337.7,12.94,0.0326,0,GOOD
3379.27,13.32,0.0205,0,GOOD
3421.7,13.2,0.0082,0,GOOD
3370.67,13.05,0.023,0,GOOD
3417.26,12.88,0.0095,0,GOOD
3350.99,12.76,0.0287,0,GOOD
3403.97,13.08,0.0133,0,GOOD
3355.02,13.01,0.0275,0,GOOD
3405.42,13.12,0.0129,0,GOOD
3374.69,13.15,0.0218,0,GOOD
3401.0,13.45,0.0142,0,GOOD
3410.97,12.96,0.0113,0,GOOD
3359.58,13.16,0.0262,0,GOOD
3407.69,12.97,0.0123,0,GOOD
3439.17,12.9,0.0031,0,GOOD
3365.15,13.05,0.0246,0,GOOD
3334.64,12.94,0.0334,0,GOOD
3392.92,12.73,0.0165,0,GOOD
3362.0,12.82,0.0255,0,GOOD
3362.69,12.84,0.0253,0,GOOD
3401.22,12.91,0.0141,0,GOOD
3351.2,13.24,0.0286,0,GOOD
3367.09,13.03,0.024,0,GOOD
3368.46,12.96,0.0236,0,GOOD
3442.45,13.13,0.0022,0,GOOD
3376.95,13.04,0.0212,0,GOOD
3342.34,13.07,0.0312,0,GOOD
3323.7,12.99,0.0366,0,GOOD
3387.12,12.89,0.0182,0,GOOD
3330.0,13.25,0.0348,0,GOOD
2628.81,13.05,0.238,1,LOW
3425.04,12.91,0.0072,0,GOOD
3413.94,12.61,0.0105,0,GOOD
3367.02,12.4,0.0241,0,GOOD
3423.12,12.01,0.0078,0,GOOD
3160.29,11.8,0.021,0,GOOD
2785.0,11.41,0.0098,0,GOOD
2590.75,11.24,0.0198,0,GOOD
2483.84,11.2,0.047,0,GOOD
2249.13,10.88,0.0282,0,GOOD
1825.32,10.31,0.0134,0,GOOD
1546.17,9.94,0.0238,0,GOOD
1447.49,9.79,0.0217,0,GOOD
1324.2,9.55,0.0043,0,GOOD
1141.96,9.28,0.024,0,GOOD
1068.98,9.09,0.0019,0,GOOD
946.69,8.85,0.0001,0,GOOD
839.05,8.69,0.0382,0,GOOD
761.75,8.5,0.0315,0,GOOD
700.62,8.38,0.0478,0,GOOD
625.5,8.12,0.0133,0,GOOD
559.53,7.92,0.0083,0,GOOD
444.84,7.58,0.0225,0,GOOD
342.4,7.21,0.0275,0,GOOD
314.86,7.11,0.0397,0,GOOD
64.08,5.8,0.3804,1,LOW
96.95,5.78,0.0494,0,GOOD
97.53,5.77,0.0273,0,GOOD
105.92,5.84,0.0263,0,GOOD
99.17,5.74,0.0238,0,GOOD
88.76,5.74,0.0838,0,GOOD
120.88,6.03,0.0823,0,GOOD
101.96,5.76,0.0295,0,GOOD
83.75,5.92,0.287,0,GOOD
109.83,5.93,0.0739,0,GOOD
90.11,5.8,0.1325,0,GOOD
107.11,5.74,0.099,0,GOOD
82.0,5.64,0.0623,0,GOOD
70.75,5.54,0.086,0,GOOD
108.6,5.85,0.0128,0,GOOD
97.99,5.82,0.0793,0,GOOD
107.63,5.88,0.0437,0,GOOD
90.72,5.7,0.0232,0,GOOD
125.3,6.05,0.0654,0,GOOD
23.47,5.84,0.7824,1,HIGH
86.4,5.75,0.1225,0,GOOD
59.52,5.47,0.1691,0,GOOD
92.58,5.71,0.0196,0,GOOD
113.67,5.88,0.0023,0,GOOD
107.46,5.97,0.1369,0,GOOD
106.96,5.77,0.0611,0,GOOD
132.39,6.0,0.035,0,GOOD
94.01,5.63,0.0874,0,GOOD
106.35,5.83,0.0054,0,GOOD
111.01,5.83,0.0336,0,GOOD
131.09,5.86,0.1902,0,GOOD
97.93,5.79,0.0484,0,GOOD
36.05,5.82,0.6599,1,LOW
70.15,5.63,0.1857,0,GOOD
136.84,5.96,0.1175,0,GOOD
132.56,5.9,0.1473,0,GOOD
95.48,5.81,0.0937,0,GOOD
106.46,5.9,0.0821,0,GOOD
115.56,5.96,0.0613,0,GOOD
122.13,5.85,0.1114,0,GOOD
121.55,6.07,0.1103,0,GOOD
89.08,5.87,0.1999,0,GOOD
108.86,5.65,0.2356,0,GOOD
106.29,5.81,0.0169,0,GOOD
120.47,5.91,0.032,0,GOOD
117.79,5.96,0.0433,0,GOOD
106.16,5.79,0.0283,0,GOOD
69.15,5.64,0.2058,0,GOOD
87.44,5.74,0.0999,0,GOOD
80.61,5.58,0.0073,0,GOOD
88.5,5.88,0.2179,0,GOOD
89.21,5.71,0.0536,0,GOOD
84.46,5.67,0.0629,0,GOOD
108.6,5.9,0.055,0,GOOD
120.41,6.0,0.0553,0,GOOD
79.65,5.67,0.1157,0,GOOD
82.49,5.8,0.2019,0,GOOD
97.79,5.74,0.0003,0,GOOD
119.14,5.97,0.0399,0,GOOD
83.72,5.76,0.1582,0,GOOD
83.44,5.63,0.028,0,GOOD
93.92,5.77,0.0625,0,GOOD
111.66,5.93,0.0664,0,GOOD
71.3,5.74,0.264,0,GOOD
97.75,5.68,0.0687,0,GOOD
84.83,5.75,0.1412,0,GOOD
85.13,5.63,0.013,0,GOOD
85.56,5.74,0.1246,0,GOOD
85.07,5.69,0.0803,0,GOOD
149.75,6.1,0.0617,0,GOOD
79.23,5.5,0.0716,0,GOOD
96.97,5.65,0.1014,0,GOOD
129.19,6.0,0.0146,0,GOOD
98.93,5.74,0.0159,0,GOOD
66.06,5.62,0.2277,0,GOOD
90.99,5.72,0.0413,0,GOOD
89.36,5.71,0.0474,0,GOOD
103.85,5.71,0.1031,0,GOOD
94.15,5.76,0.0565,0,GOOD
111.46,5.86,0.0043,0,GOOD
94.61,5.7,0.0151,0,GOOD
105.49,5.73,0.0931,0,GOOD
123.75,5.98,0.0166,0,GOOD
82.46,5.52,0.0924,0,GOOD
101.11,5.94,0.1577,0,GOOD
97.7,5.9,0.1578,0,GOOD
54.35,5.56,0.3135,0,GOOD
82.05,5.52,0.0838,0,GOOD
124.75,5.95,0.0313,0,GOOD
90.0,5.59,0.0991,0,GOOD
90.18,5.76,0.0904,0,GOOD
112.98,5.96,0.0808,0,GOOD
102.64,5.83,0.048,0,GOOD
116.68,5.82,0.0987,0,GOOD
129.07,5.89,0.1351,0,GOOD
117.71,5.88,0.0385,0,GOOD
104.89,5.8,0.015,0,GOOD
117.68,5.82,0.107,0,GOOD
100.04,5.81,0.0451,0,GOOD
93.87,5.76,0.055,0,GOOD
95.85,5.76,0.0315,0,GOOD
83.56,5.75,0.147,0,GOOD
97.74,5.78,0.0404,0,GOOD
103.73,5.91,0.1115,0,GOOD
112.67,5.79,0.0961,0,GOOD
81.18,5.52,0.0684,0,GOOD
102.68,5.68,0.1227,0,GOOD
68.63,5.64,0.2108,0,GOOD
145.13,6.02,0.1098,0,GOOD
67.23,5.6,0.1935,0,GOOD
115.47,6.01,0.103,0,GOOD
91.86,5.76,0.0788,0,GOOD
97.91,5.63,0.133,0,GOOD
143.69,6.11,0.0097,0,GOOD
40.08,5.65,0.5429,1,MEDIUM
79.32,5.65,0.0985,0,GOOD
100.85,5.91,0.1336,0,GOOD
125.44,5.91,0.0734,0,GOOD
104.37,5.74,0.0695,0,GOOD
97.46,5.62,0.1474,0,GOOD
96.14,5.71,0.0202,0,GOOD
73.02,5.78,0.2829,0,GOOD
61.3,5.6,0.2613,1,LOW
109.52,5.81,0.0408,0,GOOD
107.12,5.89,0.0599,0,GOOD
70.13,5.54,0.0948,0,GOOD
101.32,5.89,0.1131,0,GOOD
98.03,5.67,0.0903,0,GOOD
130.48,6.01,0.0101,0,GOOD
117.15,5.87,0.0435,0,GOOD
101.07,5.85,0.0738,0,GOOD
97.96,5.74,0.0034,0,GOOD
132.0,6.13,0.0942,0,GOOD
89.63,5.7,0.0384,0,GOOD
58.44,5.62,0.3165,0,GOOD
71.76,5.67,0.206,0,GOOD
111.42,5.91,0.0492,0,GOOD
121.75,5.78,0.199,0,GOOD
79.99,5.76,0.194,0,GOOD
79.51,5.7,0.1489,0,GOOD
98.38,5.75,0.0008,0,GOOD
96.96,5.58,0.1975,0,GOOD
83.89,5.6,0.012,0,GOOD
84.52,5.57,0.0564,0,GOOD
71.18,5.52,0.0624,0,GOOD
57.82,5.38,0.0931,0,GOOD
58.91,5.34,0.0242,0,GOOD
39.68,5.15,0.144,0,GOOD
43.98,5.0,0.1168,0,GOOD
21.53,5.01,0.3375,0,GOOD
45.72,5.0,0.1539,0,GOOD
26.64,4.77,0.0049,0,GOOD
15.22,4.56,0.0543,0,GOOD
-2.23,4.46,0.3394,0,GOOD
7.69,4.56,0.2026,0,GOOD
20.26,4.21,0.2356,0,GOOD
4.61,4.14,0.0466,0,GOOD
5.74,3.86,0.0548,0,GOOD
-5.0,3.67,0.1287,0,GOOD
0.34,3.52,0.0062,0,GOOD
-5.0,3.35,0.1042,0,GOOD
1.03,3.18,0.02,0,GOOD
3.71,3.07,0.0741,0,GOOD
3.21,2.89,0.0641,0,GOOD
-5.0,2.6,0.1,0,GOOD
-3.42,2.59,0.0684,0,GOOD
5.37,2.56,0.1074,0,GOOD
-2.11,2.55,0.0423,0,GOOD
-2.87,2.26,0.0575,0,GOOD
19.03,2.18,0.3807,0,GOOD
-5.0,2.15,0.1,0,GOOD
10.8,1.92,0.2161,0,GOOD
-5.0,1.81,0.1,0,GOOD
6.55,1.68,0.131,0,GOOD
7.08,1.79,0.1416,0,GOOD
-5.0,1.91,0.1,0,GOOD
-5.0,1.6,0.1,0,GOOD
-5.0,1.78,0.1,0,GOOD
-5.0,1.56,0.1,0,GOOD
5.26,1.57,0.1052,0,GOOD
-5.0,1.57,0.1,0,GOOD
0.97,1.18,0.0194,0,GOOD
-5.0,1.27,0.1,0,GOOD
-2.34,1.31,0.0468,0,GOOD
-5.0,1.29,0.1,0,GOOD
-0.78,1.39,0.0156,0,GOOD
-5.0,1.36,0.1,0,GOOD
-5.0,1.18,0.1,0,GOOD
-5.0,1.22,0.1,0,GOOD
-5.0,1.38,0.1,0,GOOD
-5.0,1.43,0.1,0,GOOD
10.83,1.31,0.2165,0,GOOD
-3.6,0.96,0.072,0,GOOD
-5.0,1.25,0.1,0,GOOD
-5.0,1.14,0.1,0,GOOD
9.15,1.21,0.1829,0,GOOD
-5.0,1.17,0.1,0,GOOD
14.98,1.33,0.2995,0,GOOD
-5.0,1.29,0.1,0,GOOD
5.03,1.1,0.1007,0,GOOD
10.37,1.18,0.2073,0,GOOD
4.5,1.3,0.09,0,GOOD
-5.0,1.15,0.1,0,GOOD
-5.0,1.2,0.1,0,GOOD
11.7,1.31,0.234,0,GOOD
-5.0,1.36,0.1,0,GOOD
9.76,1.28,0.1951,0,GOOD
-4.3,1.33,0.0861,0,GOOD
1.41,1.24,0.0283,0,GOOD
-5.0,1.2,0.1,0,GOOD
-5.0,1.27,0.1,0,GOOD
-5.0,1.22,0.1,0,GOOD
2.26,1.22,0.0451,0,GOOD
0.93,1.38,0.0186,0,GOOD
4.63,1.2,0.0925,0,GOOD
-4.91,1.23,0.0981,0,GOOD
-5.0,1.39,0.1,0,GOOD
1.83,1.24,0.0365,0,GOOD
-5.0,1.4,0.1,0,GOOD
10.78,1.16,0.2157,0,GOOD
-1.15,1.24,0.0229,0,GOOD
-3.26,1.28,0.0652,0,GOOD
4.62,1.32,0.0924,0,GOOD
-0.76,1.44,0.0153,0,GOOD
-5.0,1.18,0.1,0,GOOD
-5.0,1.21,0.1,0,GOOD
10.58,1.16,0.2115,0,GOOD
0.84,1.22,0.0168,0,GOOD
-5.0,1.36,0.1,0,GOOD
3.52,1.15,0.0704,0,GOOD
-5.0,1.21,0.1,0,GOOD
-5.0,1.4,0.1,0,GOOD
-5.0,1.21,0.1,0,GOOD
10.0,1.11,0.2,0,GOOD
-5.0,1.24,0.1,0,GOOD
-5.0,1.45,0.1,0,GOOD
1.2,1.29,0.024,0,GOOD
15.78,1.27,0.3157,0,GOOD
5.54,1.44,0.1108,0,GOOD
-5.0,1.36,0.1,0,GOOD
15.29,1.17,0.3059,0,GOOD
-5.0,1.25,0.1,0,GOOD
2.65,1.07,0.0531,0,GOOD
4.88,1.34,0.0976,0,GOOD
-5.0,1.3,0.1,0,GOOD
6.98,1.16,0.1395,0,GOOD
-5.0,1.31,0.1,0,GOOD
6.95,1.29,0.139,0,GOOD
-5.0,1.42,0.1,0,GOOD
3.35,1.06,0.067,0,GOOD
-4.12,1.28,0.0824,0,GOOD
11.5,1.23,0.2299,0,GOOD
-0.44,1.32,0.0088,0,GOOD
12.49,1.15,0.2498,0,GOOD
5.08,1.27,0.1015,0,GOOD
-1.28,1.51,0.0255,0,GOOD
7.88,1.44,0.1575,0,GOOD
7.94,1.31,0.1588,0,GOOD
4.72,1.24,0.0944,0,GOOD
-5.0,1.44,0.1,0,GOOD
-5.0,1.42,0.1,0,GOOD
13.84,1.45,0.2768,0,GOOD
-5.0,1.52,0.1,0,GOOD
8.82,1.21,0.1765,0,GOOD
7.06,1.52,0.1413,0,GOOD
-5.0,1.25,0.1,0,GOOD
-5.0,1.35,0.1,0,GOOD
-5.0,1.13,0.1,0,GOOD
20.78,1.24,0.4156,0,GOOD
-5.0,1.39,0.1,0,GOOD
-5.0,1.36,0.1,0,GOOD
-5.0,1.25,0.1,0,GOOD
12.15,1.3,0.243,0,GOOD
-2.43,1.23,0.0486,0,GOOD
-5.0,1.39,0.1,0,GOOD
14.13,1.08,0.2827,0,GOOD
5.79,1.43,0.1159,0,GOOD
-5.0,1.21,0.1,0,GOOD
-5.0,1.28,0.1,0,GOOD
11.58,1.15,0.2316,0,GOOD
0.17,1.31,0.0034,0,GOOD
-5.0,1.34,0.1,0,GOOD
-5.0,1.32,0.1,0,GOOD
-5.0,1.83,0.1,0,GOOD
-5.0,2.3,0.1,0,GOOD
-5.0,2.73,0.1,0,GOOD
-5.0,3.08,0.1001,0,GOOD
-5.0,3.53,0.1138,0,GOOD
2.06,4.13,0.0948,0,GOOD
34.45,4.56,0.3265,0,GOOD
29.53,4.91,0.067,0,GOOD
54.05,5.3,0.0608,0,GOOD
102.99,5.77,0.0192,0,GOOD
149.26,6.18,0.0191,0,GOOD
236.91,6.69,0.0026,0,GOOD
347.61,7.2,0.0099,0,GOOD
490.86,7.76,0.0377,0,GOOD
745.63,8.38,0.0116,0,GOOD
990.85,8.95,0.0062,0,GOOD
1144.97,9.29,0.0272,0,GOOD
1326.15,9.63,0.0389,0,GOOD
1636.13,10.07,0.0227,0,GOOD
1943.85,10.47,0.0141,0,GOOD
2201.06,10.78,0.0133,0,GOOD
2510.5,11.18,0.0308,0,GOOD
2859.44,11.57,0.0413,0,GOOD
3293.95,11.94,0.027,0,GOOD
3348.18,12.36,0.0295,0,GOOD
3414.96,12.95,0.0102,0,GOOD
3291.01,13.06,0.0461,0,GOOD
3367.26,13.06,0.024,0,GOOD
3425.15,13.03,0.0072,0,GOOD
3389.38,13.1,0.0176,0,GOOD
3422.17,12.9,0.0081,0,GOOD
3323.73,13.07,0.0366,0,GOOD
3324.56,13.16,0.0364,0,GOOD
3446.5,13.29,0.001,0,GOOD
3384.29,12.83,0.019,0,GOOD
3385.32,12.96,0.0187,0,GOOD
3347.27,13.07,0.0298,0,GOOD
3383.5,12.96,0.0193,0,GOOD
3333.26,12.85,0.0338,0,GOOD
3425.73,13.06,0.007,0,GOOD
3449.61,13.23,0.0001,0,GOOD
3416.12,13.18,0.0098,0,GOOD
3366.98,13.32,0.0241,0,GOOD
3287.63,13.24,0.0471,0,GOOD
3330.18,13.35,0.0347,0,GOOD
3437.72,12.87,0.0036,0,GOOD
3358.59,13.16,0.0265,0,GOOD
3362.96,13.02,0.0252,0,GOOD
3405.5,13.15,0.0129,0,GOOD
3431.15,12.83,0.0055,0,GOOD
3374.7,13.07,0.0218,0,GOOD
3358.19,13.29,0.0266,0,GOOD
3389.23,13.08,0.0176,0,GOOD
3363.53,12.93,0.0251,0,GOOD
3374.06,12.9,0.022,0,GOOD
2814.26,13.09,0.1843,1,LOW
3383.27,13.14,0.0193,0,GOOD
3457.89,13.07,0.0023,0,GOOD
3388.2,13.03,0.0179,0,GOOD
3431.56,12.92,0.0053,0,GOOD
3354.87,13.14,0.0276,0,GOOD
3411.69,13.04,0.0111,0,GOOD
3359.82,12.95,0.0261,0,GOOD
3389.78,13.23,0.0175,0,GOOD
3405.85,13.12,0.0128,0,GOOD
3386.52,13.0,0.0184,0,GOOD
3444.4,12.67,0.0016,0,GOOD
3443.6,12.97,0.0019,0,GOOD
3427.42,13.17,0.0065,0,GOOD
3398.45,13.32,0.0149,0,GOOD
3460.66,13.08,0.0031,0,GOOD
3332.4,13.1,0.0341,0,GOOD
3417.33,12.94,0.0095,0,GOOD
3338.5,13.46,0.0323,0,GOOD
3376.41,12.8,0.0213,0,GOOD
3418.62,13.02,0.0091,0,GOOD
3433.64,13.12,0.0047,0,GOOD
3354.39,12.93,0.0277,0,GOOD
2647.69,12.89,0.2326,1,LOW
3389.93,12.89,0.0174,0,GOOD
3377.86,13.2,0.0209,0,GOOD
3415.86,13.19,0.0099,0,GOOD
3457.36,13.16,0.0021,0,GOOD
3388.05,13.17,0.018,0,GOOD
3362.96,13.13,0.0252,0,GOOD
3350.86,12.87,0.0287,0,GOOD
3367.72,12.92,0.0239,0,GOOD
3345.43,13.14,0.0303,0,GOOD
3401.9,12.88,0.0139,0,GOOD
3390.1,12.98,0.0174,0,GOOD
3351.85,12.8,0.0284,0,GOOD
1423.62,13.05,0.5874,1,MEDIUM
3351.12,13.01,0.0287,0,GOOD
3377.06,12.82,0.0211,0,GOOD
3396.95,13.2,0.0154,0,GOOD
818.62,12.94,0.7627,1,HIGH
3433.61,12.98,0.0048,0,GOOD
3393.38,13.1,0.0164,0,GOOD
3405.46,13.11,0.0129,0,GOOD
3354.58,13.2,0.0277,0,GOOD
3418.38,13.04,0.0092,0,GOOD
3414.1,13.15,0.0104,0,GOOD
3434.29,13.2,0.0046,0,GOOD
3325.56,12.82,0.0361,0,GOOD
3357.29,13.39,0.0269,0,GOOD
3408.98,13.26,0.0119,0,GOOD
3294.03,12.77,0.0452,0,GOOD
3388.11,13.07,0.0179,0,GOOD
3443.1,12.89,0.002,0,GOOD
3358.28,13.13,0.0266,0,GOOD
3368.19,12.96,0.0237,0,GOOD
3349.61,12.86,0.0291,0,GOOD
3358.9,12.95,0.0264,0,GOOD
3364.08,13.21,0.0249,0,GOOD
3357.4,13.18,0.0268,0,GOOD
3346.41,13.21,0.03,0,GOOD
3376.04,13.14,0.0214,0,GOOD
3354.74,13.09,0.0276,0,GOOD
3463.18,12.82,0.0038,0,GOOD
3375.33,13.06,0.0216,0,GOOD
3399.26,13.03,0.0147,0,GOOD
3343.73,13.19,0.0308,0,GOOD
3352.73,13.09,0.0282,0,GOOD
3336.09,13.3,0.033,0,GOOD
3368.3,12.98,0.0237,0,GOOD
3351.31,12.86,0.0286,0,GOOD
3397.71,13.29,0.0152,0,GOOD
3423.38,13.1,0.0077,0,GOOD
3310.89,13.03,0.0403,0,GOOD
3372.01,12.9,0.0226,0,GOOD
3322.83,12.98,0.0369,0,GOOD
3359.78,12.97,0.0262,0,GOOD
3405.38,12.85,0.0129,0,GOOD
3375.34,12.69,0.0216,0,GOOD
3378.79,12.97,0.0206,0,GOOD
3432.21,13.16,0.0052,0,GOOD
3396.64,13.24,0.0155,0,GOOD
3343.52,13.19,0.0309,0,GOOD
3379.78,13.2,0.0204,0,GOOD
3346.25,12.87,0.0301,0,GOOD
3381.45,13.08,0.0199,0,GOOD
3393.74,13.12,0.0163,0,GOOD
3323.02,13.13,0.0368,0,GOOD
3392.82,13.02,0.0166,0,GOOD
3383.55,13.06,0.0193,0,GOOD
3386.85,13.36,0.0183,0,GOOD
3406.72,13.19,0.0125,0,GOOD
3416.03,13.11,0.0098,0,GOOD
3360.73,13.14,0.0259,0,GOOD
3417.47,12.96,0.0094,0,GOOD
3351.93,13.14,0.0284,0,GOOD
3346.37,13.05,0.03,0,GOOD
3273.72,13.17,0.0511,0,GOOD
3374.27,12.93,0.022,0,GOOD
3353.32,13.16,0.028,0,GOOD
3395.54,12.98,0.0158,0,GOOD
564.41,13.16,0.8364,1,HIGH
3345.48,13.08,0.0303,0,GOOD
3409.66,13.04,0.0117,0,GOOD
3356.13,12.99,0.0272,0,GOOD
3384.68,13.03,0.0189,0,GOOD
3358.78,12.97,0.0264,0,GOOD
3377.62,12.99,0.021,0,GOOD
3389.97,13.11,0.0174,0,GOOD
3395.2,12.77,0.0159,0,GOOD
3377.49,13.15,0.021,0,GOOD
3349.35,13.16,0.0292,0,GOOD
3350.79,13.0,0.0288,0,GOOD
3404.74,13.06,0.0131,0,GOOD
3357.4,12.89,0.0268,0,GOOD
3383.28,13.1,0.0193,0,GOOD
3366.42,12.9,0.0242,0,GOOD
3359.03,12.6,0.0264,0,GOOD
3353.34,13.23,0.028,0,GOOD
3318.57,12.87,0.0381,0,GOOD
3403.21,13.02,0.0136,0,GOOD
3433.62,13.07,0.0047,0,GOOD
3310.92,13.11,0.0403,0,GOOD
3364.98,13.04,0.0246,0,GOOD
3407.84,13.08,0.0122,0,GOOD
3406.42,12.99,0.0126,0,GOOD
3366.89,12.8,0.0241,0,GOOD
3336.29,13.03,0.033,0,GOOD
3369.6,13.13,0.0233,0,GOOD
3386.0,12.88,0.0186,0,GOOD
3371.84,13.07,0.0227,0,GOOD
3379.99,13.33,0.0203,0,GOOD
3339.53,13.02,0.032,0,GOOD
3389.31,13.03,0.0176,0,GOOD
3389.66,12.78,0.0175,0,GOOD
3390.56,12.86,0.0172,0,GOOD
3385.26,12.91,0.0188,0,GOOD
3440.95,13.13,0.0026,0,GOOD
3361.26,12.89,0.0257,0,GOOD
3424.49,12.74,0.0074,0,GOOD
3345.34,13.1,0.0303,0,GOOD
3411.95,12.92,0.011,0,GOOD
3419.6,12.79,0.0088,0,GOOD
3391.54,13.15,0.0169,0,GOOD
3424.81,12.97,0.0073,0,GOOD
3392.99,13.11,0.0165,0,GOOD
3351.72,13.7,0.0285,0,GOOD
3365.06,12.71,0.0246,0,GOOD
3430.82,12.98,0.0056,0,GOOD
3409.76,13.04,0.0117,0,GOOD
3342.15,13.18,0.0313,0,GOOD
3384.34,13.72,0.019,0,GOOD
3406.13,13.2,0.0127,0,GOOD
3377.56,13.48,0.021,0,GOOD
3448.63,13.09,0.0004,0,GOOD
3388.57,13.33,0.0178,0,GOOD
3379.33,12.78,0.0205,0,GOOD
3423.55,12.98,0.0077,0,GOOD
3359.93,12.83,0.0261,0,GOOD
3425.12,12.93,0.0072,0,GOOD
3325.53,12.99,0.0361,0,GOOD
2716.59,13.35,0.2126,1,LOW
3404.48,13.04,0.0132,0,GOOD
2821.09,13.21,0.1823,1,LOW
3335.39,12.96,0.0332,0,GOOD
3344.48,12.95,0.0306,0,GOOD
3394.95,12.78,0.016,0,GOOD
3362.38,13.34,0.0254,0,GOOD
3390.53,13.27,0.0172,0,GOOD
3416.96,13.07,0.0096,0,GOOD
3376.71,13.0,0.0212,0,GOOD
3319.64,13.05,0.0378,0,GOOD
3347.36,12.82,0.0297,0,GOOD
3399.91,13.11,0.0145,0,GOOD
3309.39,13.25,0.0408,0,GOOD
3362.78,13.26,0.0253,0,GOOD
3339.66,12.79,0.032,0,GOOD
3437.54,13.21,0.0036,0,GOOD
3452.2,12.82,0.0006,0,GOOD
3342.01,12.69,0.0313,0,GOOD
3383.9,13.21,0.0192,0,GOOD
3364.07,12.95,0.0249,0,GOOD
3359.33,13.19,0.0263,0,GOOD
3450.08,13.17,0.0,0,GOOD
3370.14,13.15,0.0231,0,GOOD
3355.34,13.05,0.0274,0,GOOD
3340.17,12.84,0.0318,0,GOOD
3413.92,12.99,0.0105,0,GOOD
3274.06,13.26,0.051,0,GOOD
3362.05,13.19,0.0255,0,GOOD
3378.56,13.0,0.0207,0,GOOD
3343.62,12.99,0.0308,0,GOOD
3434.05,13.13,0.0046,0,GOOD
3423.18,13.06,0.0078,0,GOOD
3337.27,13.0,0.0327,0,GOOD
3444.59,13.12,0.0016,0,GOOD
3325.37,13.11,0.0361,0,GOOD
3444.58,12.93,0.0016,0,GOOD
3367.0,13.09,0.0241,0,GOOD
3366.41,13.1,0.0242,0,GOOD
3354.76,13.03,0.0276,0,GOOD
3375.79,12.4,0.0215,0,GOOD
3381.81,12.78,0.0198,0,GOOD
3339.39,13.28,0.0321,0,GOOD
3373.28,12.82,0.0222,0,GOOD
3328.73,13.01,0.0352,0,GOOD
3335.93,13.0,0.0331,0,GOOD
2526.94,13.09,0.2676,1,LOW
3327.73,12.82,0.0354,0,GOOD
3381.64,12.98,0.0198,0,GOOD
3389.98,12.9,0.0174,0,GOOD
-2.37,0.91,0.0475,0,GOOD
-5.0,0.91,0.1,0,GOOD
-0.82,1.09,0.0163,0,GOOD
13.08,1.08,0.2616,0,GOOD
24.73,0.96,0.4946,0,GOOD
7.46,1.04,0.1491,0,GOOD
10.88,1.06,0.2176,0,GOOD
17.16,0.86,0.3433,0,GOOD
2.49,1.12,0.0498,0,GOOD
15.7,1.06,0.3141,0,GOOD
7.92,1.03,0.1585,0,GOOD
1.44,1.06,0.0288,0,GOOD
3.5,1.02,0.0701,0,GOOD
-5.0,0.98,0.1,0,GOOD
2.92,0.8,0.0584,0,GOOD
-5.0,1.0,0.1,0,GOOD
-5.0,0.85,0.1,0,GOOD
1.93,1.19,0.0386,0,GOOD
-5.0,0.98,0.1,0,GOOD
-0.07,1.19,0.0014,0,GOOD
1.38,1.01,0.0277,0,GOOD
1.83,0.93,0.0366,0,GOOD
-5.0,1.12,0.1,0,GOOD
8.99,1.03,0.1797,0,GOOD
-0.89,1.23,0.0178,0,GOOD
4.41,0.93,0.0882,0,GOOD
-5.0,1.12,0.1,0,GOOD
-1.78,1.23,0.0357,0,GOOD
10.97,1.13,0.2195,0,GOOD
9.7,1.07,0.194,0,GOOD
-5.0,1.13,0.1,0,GOOD
-5.0,0.98,0.1,0,GOOD
-5.0,0.91,0.1,0,GOOD
-5.0,0.94,0.1,0,GOOD
-5.0,1.0,0.1,0,GOOD
-1.38,1.07,0.0276,0,GOOD
6.33,0.91,0.1266,0,GOOD
-5.0,0.96,0.1,0,GOOD
-0.91,0.92,0.0181,0,GOOD
-2.2,1.09,0.0441,0,GOOD
10.55,1.19,0.211,0,GOOD
-5.0,0.89,0.1,0,GOOD
-5.0,1.05,0.1,0,GOOD
-5.0,1.1,0.1,0,GOOD
-5.0,0.97,0.1,0,GOOD
5.29,0.86,0.1058,0,GOOD
-1.35,1.12,0.027,0,GOOD
0.55,0.85,0.011,0,GOOD
12.75,1.15,0.2549,0,GOOD
13.32,0.92,0.2664,0,GOOD
-5.0,0.84,0.1,0,GOOD
6.48,0.95,0.1296,0,GOOD
2.26,0.99,0.0451,0,GOOD
-4.62,1.01,0.0923,0,GOOD
3.28,1.06,0.0655,0,GOOD
-5.0,1.02,0.1,0,GOOD
14.63,1.18,0.2925,0,GOOD
5.15,0.99,0.103,0,GOOD
-5.0,1.03,0.1,0,GOOD
-5.0,1.02,0.1,0,GOOD
-5.0,0.83,0.1,0,GOOD
-3.14,0.87,0.0628,0,GOOD
-4.83,1.0,0.0965,0,GOOD
-5.0,1.04,0.1,0,GOOD
7.77,0.79,0.1553,0,GOOD
12.77,1.18,0.2554,0,GOOD
-0.27,1.05,0.0055,0,GOOD
-3.06,0.99,0.0611,0,GOOD
4.35,1.04,0.087,0,GOOD
-0.2,0.94,0.0039,0,GOOD
-5.0,1.01,0.1,0,GOOD
-5.0,1.03,0.1,0,GOOD
-2.96,1.12,0.0593,0,GOOD
2.48,0.98,0.0496,0,GOOD
0.09,0.85,0.0019,0,GOOD
2.1,0.91,0.0421,0,GOOD
-5.0,0.97,0.1,0,GOOD
6.65,0.86,0.133,0,GOOD
0.03,0.9,0.0007,0,GOOD
25.53,0.91,0.5105,0,GOOD
-3.88,0.96,0.0775,0,GOOD
3.23,1.04,0.0647,0,GOOD
28.29,0.96,0.5658,0,GOOD
1.94,1.05,0.0388,0,GOOD
-0.68,0.99,0.0135,0,GOOD
-5.0,0.9,0.1,0,GOOD
15.28,1.03,0.3057,0,GOOD
-5.0,1.01,0.1,0,GOOD
4.27,1.05,0.0854,0,GOOD
-4.74,1.08,0.0947,0,GOOD
-1.89,1.12,0.0379,0,GOOD
-5.0,1.05,0.1,0,GOOD
13.43,1.01,0.2686,0,GOOD
-2.78,1.06,0.0556,0,GOOD
-5.0,0.95,0.1,0,GOOD
12.53,0.94,0.2505,0,GOOD
-5.0,1.14,0.1,0,GOOD
3.35,0.94,0.0669,0,GOOD
8.41,1.26,0.1683,0,GOOD
4.74,1.47,0.0948,0,GOOD
-5.0,1.96,0.1,0,GOOD
6.95,2.71,0.1391,0,GOOD
-1.0,3.08,0.0201,0,GOOD
-3.17,3.3,0.0658,0,GOOD
1.42,3.82,0.0239,0,GOOD
-5.0,4.15,0.243,0,GOOD
25.23,4.72,0.0246,0,GOOD
29.06,5.1,0.294,0,GOOD
64.54,5.44,0.0586,0,GOOD
105.6,5.83,0.0166,0,GOOD
183.32,6.34,0.0427,0,GOOD
230.82,6.72,0.0557,0,GOOD
327.19,7.08,0.0186,0,GOOD
421.7,7.47,0.0023,0,GOOD
486.36,7.73,0.0301,0,GOOD
633.81,8.19,0.0444,0,GOOD
713.72,8.39,0.0394,0,GOOD
884.66,8.76,0.0198,0,GOOD
1124.23,9.26,0.0325,0,GOOD
1437.67,9.71,0.0043,0,GOOD
1730.4,10.2,0.0197,0,GOOD
2023.11,10.61,0.0282,0,GOOD
2526.23,11.16,0.0176,0,GOOD
3000.49,11.69,0.0325,0,GOOD
3366.02,12.15,0.0243,0,GOOD
3379.82,12.68,0.0203,0,GOOD
3339.16,12.67,0.0321,0,GOOD
3395.57,12.33,0.0158,0,GOOD
3365.61,12.64,0.0245,0,GOOD
3351.81,12.4,0.0285,0,GOOD
3365.3,12.62,0.0246,0,GOOD
3451.6,12.25,0.0005,0,GOOD
3367.07,12.25,0.024,0,GOOD
3315.69,12.76,0.0389,0,GOOD
3323.78,12.35,0.0366,0,GOOD
3417.52,12.56,0.0094,0,GOOD
3424.18,12.47,0.0075,0,GOOD
3359.95,12.8,0.0261,0,GOOD
3422.01,12.66,0.0081,0,GOOD
3411.2,12.52,0.0112,0,GOOD
3370.7,12.38,0.023,0,GOOD
3388.49,12.54,0.0178,0,GOOD
3407.41,12.43,0.0123,0,GOOD
1760.66,12.6,0.4897,1,MEDIUM
3410.12,12.13,0.0116,0,GOOD
3342.26,12.57,0.0312,0,GOOD
3360.78,12.61,0.0259,0,GOOD
3446.14,12.5,0.0011,0,GOOD
3390.08,12.51,0.0174,0,GOOD
3409.01,12.48,0.0119,0,GOOD
3383.2,12.54,0.0194,0,GOOD
3401.95,12.8,0.0139,0,GOOD
3406.29,12.7,0.0127,0,GOOD
3424.77,12.54,0.0073,0,GOOD
3416.65,12.5,0.0097,0,GOOD
3392.37,12.69,0.0167,0,GOOD
3348.64,12.59,0.0294,0,GOOD
3395.03,12.39,0.0159,0,GOOD
3399.74,12.52,0.0146,0,GOOD
3366.85,12.78,0.0241,0,GOOD
3445.45,12.64,0.0013,0,GOOD
3338.98,12.5,0.0322,0,GOOD
3425.81,12.33,0.007,0,GOOD
3342.76,12.6,0.0311,0,GOOD
3382.91,12.56,0.0194,0,GOOD
3444.98,12.53,0.0015,0,GOOD
3348.5,12.69,0.0294,0,GOOD
3367.06,12.64,0.024,0,GOOD
3372.36,12.33,0.0225,0,GOOD
3362.67,12.56,0.0253,0,GOOD
3412.52,12.36,0.0109,0,GOOD
3385.82,12.48,0.0186,0,GOOD
3406.75,12.35,0.0125,0,GOOD
3334.17,12.36,0.0336,0,GOOD
3324.41,12.27,0.0364,0,GOOD
3369.73,12.62,0.0233,0,GOOD
3308.93,12.6,0.0409,0,GOOD
3430.98,12.55,0.0055,0,GOOD
3325.66,12.47,0.036,0,GOOD
3329.28,12.34,0.035,0,GOOD
3394.54,12.48,0.0161,0,GOOD
3340.1,12.6,0.0319,0,GOOD
1712.9,12.6,0.5035,1,MEDIUM
3452.44,12.77,0.0007,0,GOOD
2515.33,12.75,0.2709,1,LOW
3370.12,12.56,0.0232,0,GOOD
3372.93,12.48,0.0223,0,GOOD
3397.67,12.43,0.0152,0,GOOD
3397.06,12.32,0.0153,0,GOOD
3353.06,12.38,0.0281,0,GOOD
3360.76,12.29,0.0259,0,GOOD
3375.85,12.83,0.0215,0,GOOD
3409.45,12.6,0.0118,0,GOOD
3339.03,12.65,0.0322,0,GOOD
3474.21,12.51,0.007,0,GOOD
3353.4,12.94,0.028,0,GOOD
3377.91,12.38,0.0209,0,GOOD
2624.76,12.31,0.2392,1,LOW
3326.5,12.94,0.0358,0,GOOD
3357.69,12.34,0.0268,0,GOOD
3340.65,12.51,0.0317,0,GOOD
3361.03,12.44,0.0258,0,GOOD
3341.84,12.61,0.0313,0,GOOD
3395.15,12.5,0.0159,0,GOOD
3336.48,12.65,0.0329,0,GOOD
3345.53,12.69,0.0303,0,GOOD
3376.18,12.32,0.0214,0,GOOD
3417.22,12.43,0.0095,0,GOOD
3404.02,12.67,0.0133,0,GOOD
3385.07,12.72,0.0188,0,GOOD
3336.8,12.58,0.0328,0,GOOD
3360.4,12.62,0.026,0,GOOD
3335.92,12.79,0.0331,0,GOOD
3426.72,12.5,0.0067,0,GOOD
3399.19,12.58,0.0147,0,GOOD
3366.71,12.75,0.0241,0,GOOD
3361.55,12.76,0.0256,0,GOOD
3346.04,12.54,0.0301,0,GOOD
3356.31,12.43,0.0272,0,GOOD
3388.72,12.54,0.0178,0,GOOD
3376.41,12.55,0.0213,0,GOOD
3454.14,12.43,0.0012,0,GOOD
3422.24,12.45,0.008,0,GOOD
3431.84,12.76,0.0053,0,GOOD
3389.28,12.63,0.0176,0,GOOD
3368.05,12.51,0.0238,0,GOOD
3397.0,12.39,0.0154,0,GOOD
3397.59,12.45,0.0152,0,GOOD
3438.8,12.3,0.0032,0,GOOD
3388.98,12.59,0.0177,0,GOOD
3376.27,12.44,0.0214,0,GOOD
3398.44,12.6,0.0149,0,GOOD
3437.54,12.67,0.0036,0,GOOD
3323.62,12.6,0.0366,0,GOOD
3447.78,12.49,0.0006,0,GOOD
3381.07,12.42,0.02,0,GOOD
3338.83,12.37,0.0322,0,GOOD
2820.56,12.74,0.1824,1,LOW
3325.64,12.59,0.036,0,GOOD
3405.87,12.5,0.0128,0,GOOD
3348.54,12.64,0.0294,0,GOOD
3391.07,12.71,0.0171,0,GOOD
3431.08,12.44,0.0055,0,GOOD
3358.38,12.59,0.0266,0,GOOD
3363.58,12.59,0.025,0,GOOD
3334.59,12.78,0.0335,0,GOOD
3375.14,12.5,0.0217,0,GOOD
3432.13,12.41,0.0052,0,GOOD
3390.03,12.61,0.0174,0,GOOD
3381.05,12.66,0.02,0,GOOD
3375.1,12.58,0.0217,0,GOOD
3366.88,12.79,0.0241,0,GOOD
3386.49,12.5,0.0184,0,GOOD
3362.55,12.58,0.0253,0,GOOD
3396.68,12.33,0.0155,0,GOOD
3351.16,12.41,0.0286,0,GOOD
3335.01,12.45,0.0333,0,GOOD
3382.7,12.52,0.0195,0,GOOD
563.26,12.35,0.8367,1,HIGH
3404.7,12.64,0.0131,0,GOOD
3369.25,12.43,0.0234,0,GOOD
3325.83,12.9,0.036,0,GOOD
3380.6,12.44,0.0201,0,GOOD
3318.64,12.56,0.0381,0,GOOD
3407.75,12.54,0.0122,0,GOOD
3371.13,12.39,0.0229,0,GOOD
3453.24,12.52,0.0009,0,GOOD
3408.63,12.52,0.012,0,GOOD
3330.43,12.69,0.0347,0,GOOD
3308.19,12.61,0.0411,0,GOOD
3355.55,12.64,0.0274,0,GOOD
3326.46,12.69,0.0358,0,GOOD
3430.11,13.66,0.0058,0,GOOD
3382.47,12.72,0.0196,0,GOOD
3405.63,12.45,0.0129,0,GOOD
3356.64,12.61,0.0271,0,GOOD
3384.45,12.54,0.019,0,GOOD
3373.56,12.19,0.0222,0,GOOD
3430.67,12.52,0.0056,0,GOOD
3392.04,12.77,0.0168,0,GOOD
3347.47,12.42,0.0297,0,GOOD
3434.86,12.47,0.0044,0,GOOD
3344.35,12.47,0.0306,0,GOOD
3353.92,12.69,0.0279,0,GOOD
3282.12,12.49,0.0487,0,GOOD
3406.53,12.55,0.0126,0,GOOD
1098.99,12.27,0.6815,1,HIGH
3383.91,12.67,0.0192,0,GOOD
1694.55,12.56,0.5088,1,MEDIUM
3363.5,12.36,0.0251,0,GOOD
3368.06,12.27,0.0238,0,GOOD
3404.41,12.68,0.0132,0,GOOD
1982.68,12.51,0.4253,1,MEDIUM
3377.62,12.58,0.021,0,GOOD
3422.34,12.84,0.008,0,GOOD
3374.77,12.67,0.0218,0,GOOD
3391.84,12.75,0.0169,0,GOOD
3375.66,12.55,0.0215,0,GOOD
3328.82,12.64,0.0351,0,GOOD
3398.04,12.64,0.0151,0,GOOD
3335.32,12.45,0.0332,0,GOOD
3350.42,12.7,0.0289,0,GOOD
3318.11,12.43,0.0382,0,GOOD
3354.12,12.67,0.0278,0,GOOD
3452.43,12.61,0.0007,0,GOOD
3374.92,12.53,0.0218,0,GOOD
3415.66,12.5,0.01,0,GOOD
3429.66,12.39,0.0059,0,GOOD
3397.51,12.43,0.0152,0,GOOD
3348.97,12.54,0.0293,0,GOOD
3365.07,12.45,0.0246,0,GOOD
3384.19,12.58,0.0191,0,GOOD
3362.83,12.6,0.0253,0,GOOD
3351.16,13.1,0.0287,0,GOOD
3414.42,12.49,0.0103,0,GOOD
3414.6,12.25,0.0103,0,GOOD
3329.14,12.87,0.035,0,GOOD
3362.67,12.27,0.0253,0,GOOD
3366.5,12.78,0.0242,0,GOOD
3388.91,12.41,0.0177,0,GOOD
3421.51,12.46,0.0083,0,GOOD
3476.11,12.76,0.0076,0,GOOD
3381.39,12.62,0.0199,0,GOOD
2421.49,12.34,0.2981,1,LOW
3401.94,12.33,0.0139,0,GOOD
3366.78,12.6,0.0241,0,GOOD
3374.31,12.38,0.0219,0,GOOD
3362.08,12.63,0.0255,0,GOOD
3287.88,12.65,0.047,0,GOOD
3390.77,12.43,0.0172,0,GOOD
3363.22,12.47,0.0252,0,GOOD
3436.74,12.6,0.0038,0,GOOD
3380.63,12.42,0.0201,0,GOOD
3328.36,12.56,0.0353,0,GOOD
3383.34,12.93,0.0193,0,GOOD
3293.41,12.61,0.0454,0,GOOD
3333.67,12.49,0.0337,0,GOOD
3397.21,12.89,0.0153,0,GOOD
3393.91,12.68,0.0163,0,GOOD
3405.98,12.39,0.0128,0,GOOD
3291.59,12.41,0.0459,0,GOOD
3366.82,12.29,0.0241,0,GOOD
3369.15,12.6,0.0234,0,GOOD
3421.82,12.23,0.0082,0,GOOD
3426.98,12.89,0.0067,0,GOOD
3417.23,12.51,0.0095,0,GOOD
322.51,12.69,0.9065,1,HIGH
3359.39,12.49,0.0263,0,GOOD
3443.3,12.6,0.0019,0,GOOD
3341.29,12.53,0.0315,0,GOOD
3337.13,12.56,0.0327,0,GOOD
3402.8,12.74,0.0137,0,GOOD
3316.56,12.82,0.0387,0,GOOD
3396.11,12.81,0.0156,0,GOOD
3382.16,13.07,0.0197,0,GOOD
3425.29,12.44,0.0072,0,GOOD
3375.07,12.61,0.0217,0,GOOD
3370.26,12.44,0.0231,0,GOOD
3382.53,12.73,0.0196,0,GOOD
2153.04,12.39,0.3759,1,MEDIUM
3357.36,12.75,0.0269,0,GOOD
3391.82,12.47,0.0169,0,GOOD
3375.32,12.2,0.0216,0,GOOD
3246.24,11.89,0.0229,0,GOOD
3028.27,11.66,0.0163,0,GOOD
2754.45,11.37,0.0069,0,GOOD
2335.38,10.97,0.0241,0,GOOD
1988.89,10.54,0.02,0,GOOD
1658.59,10.15,0.0416,0,GOOD
1508.03,9.88,0.0205,0,GOOD
1326.46,9.57,0.0137,0,GOOD
1156.75,9.3,0.0227,0,GOOD
1035.33,9.06,0.0173,0,GOOD
861.02,8.69,0.0101,0,GOOD
809.33,8.56,0.0059,0,GOOD
658.97,8.23,0.0264,0,GOOD
543.71,7.88,0.01,0,GOOD
401.25,7.64,0.1489,1,LOW
343.48,7.12,0.0413,0,GOOD
248.44,6.72,0.0192,0,GOOD
195.1,6.54,0.0695,0,GOOD
205.65,6.5,0.01,0,GOOD
287.55,6.96,0.0208,0,GOOD
258.26,6.79,0.0038,0,GOOD
228.38,6.68,0.0332,0,GOOD
210.45,6.65,0.0881,0,GOOD
219.91,6.64,0.0329,0,GOOD
280.43,6.91,0.0083,0,GOOD
214.45,6.57,0.0035,0,GOOD
257.6,6.8,0.01,0,GOOD
257.7,6.8,0.0096,0,GOOD
269.81,6.85,0.0045,0,GOOD
240.28,6.69,0.0069,0,GOOD
228.88,6.94,0.212,1,LOW
269.91,6.86,0.0076,0,GOOD
243.96,6.69,0.0261,0,GOOD
226.9,6.65,0.0119,0,GOOD
243.89,6.73,0.0062,0,GOOD
237.63,6.69,0.003,0,GOOD
220.61,6.63,0.0223,0,GOOD
245.99,6.76,0.0205,0,GOOD
239.47,6.71,0.0097,0,GOOD
287.83,6.98,0.0369,0,GOOD
231.93,6.69,0.0208,0,GOOD
216.91,6.65,0.0545,0,GOOD
243.47,6.75,0.0235,0,GOOD
255.75,6.78,0.0024,0,GOOD
248.38,6.79,0.0393,0,GOOD
234.37,6.79,0.0925,0,GOOD
125.94,5.96,0.0283,0,GOOD
242.93,6.74,0.0187,0,GOOD
218.27,6.67,0.0681,0,GOOD
345.93,7.17,0.0076,0,GOOD
234.79,6.76,0.0677,0,GOOD
203.11,6.76,0.195,1,LOW
228.53,6.69,0.0353,0,GOOD
237.01,6.81,0.0969,0,GOOD
197.74,6.5,0.025,0,GOOD
210.01,6.58,0.0332,0,GOOD
272.02,6.89,0.0238,0,GOOD
217.69,6.63,0.0365,0,GOOD
231.87,6.68,0.018,0,GOOD
234.15,6.71,0.033,0,GOOD
263.11,6.9,0.0659,0,GOOD
238.25,6.68,0.0106,0,GOOD
170.14,6.8,0.3435,1,MEDIUM
181.73,6.43,0.0498,0,GOOD
246.36,6.82,0.0661,0,GOOD
224.4,6.59,0.0277,0,GOOD
193.08,6.54,0.0821,0,GOOD
225.74,6.64,0.0128,0,GOOD
227.78,6.7,0.0472,0,GOOD
294.66,7.02,0.0423,0,GOOD
241.0,6.79,0.0681,0,GOOD
222.53,6.66,0.0439,0,GOOD
269.47,6.88,0.0274,0,GOOD
243.87,6.72,0.0008,0,GOOD
258.66,6.85,0.0425,0,GOOD
229.93,6.66,0.0129,0,GOOD
301.27,7.0,0.0019,0,GOOD
168.73,6.44,0.1234,0,GOOD
240.38,6.73,0.0203,0,GOOD
204.36,6.56,0.0445,0,GOOD
245.45,6.79,0.0482,0,GOOD
226.95,6.65,0.0142,0,GOOD
229.36,6.69,0.0386,0,GOOD
250.93,6.83,0.0584,0,GOOD
299.59,6.97,0.011,0,GOOD
293.93,6.93,0.0258,0,GOOD
199.97,6.62,0.1079,0,GOOD
235.99,6.78,0.0785,0,GOOD
237.56,6.68,0.0054,0,GOOD
210.64,6.57,0.0218,0,GOOD
244.76,6.68,0.036,0,GOOD
290.0,6.96,0.0162,0,GOOD
284.39,6.93,0.0063,0,GOOD
235.37,6.78,0.0804,0,GOOD
204.8,6.51,0.001,0,GOOD
230.53,6.73,0.0601,0,GOOD
189.44,6.64,0.1714,1,LOW
227.68,6.63,0.0091,0,GOOD
246.03,6.79,0.0458,0,GOOD
296.95,6.94,0.0279,0,GOOD
286.42,6.85,0.0568,0,GOOD
224.26,6.65,0.0255,0,GOOD
268.83,6.85,0.004,0,GOOD
205.68,6.55,0.0308,0,GOOD
206.15,6.54,0.0165,0,GOOD
189.98,6.52,0.0761,0,GOOD
253.16,6.8,0.0253,0,GOOD
272.28,6.87,0.0043,0,GOOD
286.73,6.86,0.0519,0,GOOD
200.64,6.61,0.1008,0,GOOD
187.9,6.45,0.0291,0,GOOD
230.66,6.6,0.0407,0,GOOD
214.11,6.6,0.0274,0,GOOD
242.36,6.75,0.0289,0,GOOD
234.16,6.75,0.0604,0,GOOD
227.23,6.71,0.0619,0,GOOD
232.69,6.8,0.1069,0,GOOD
314.46,7.09,0.031,0,GOOD
223.93,6.71,0.0733,0,GOOD
250.53,6.78,0.0175,0,GOOD
236.33,6.74,0.0453,0,GOOD
224.72,6.66,0.0323,0,GOOD
249.87,6.82,0.0549,0,GOOD
234.84,6.7,0.0229,0,GOOD
218.14,6.63,0.0387,0,GOOD
213.61,6.64,0.0659,0,GOOD
273.68,6.87,0.0034,0,GOOD
266.86,6.82,0.0123,0,GOOD
226.67,6.68,0.035,0,GOOD
250.87,6.8,0.0353,0,GOOD
240.35,6.74,0.0303,0,GOOD
225.39,6.78,0.1178,0,GOOD
225.18,6.66,0.0276,0,GOOD
215.15,6.6,0.0258,0,GOOD
157.32,6.7,0.3451,1,LOW
217.14,6.62,0.0335,0,GOOD
212.51,6.61,0.0468,0,GOOD
218.5,6.56,0.0275,0,GOOD
198.35,6.45,0.0242,0,GOOD
221.45,6.68,0.059,0,GOOD
269.42,6.9,0.0398,0,GOOD
257.54,6.86,0.053,0,GOOD
304.57,6.97,0.0273,0,GOOD
217.87,6.61,0.0184,0,GOOD
260.61,6.83,0.0215,0,GOOD
247.19,6.72,0.0116,0,GOOD
222.33,6.64,0.0279,0,GOOD
287.87,6.88,0.0406,0,GOOD
236.76,6.73,0.0321,0,GOOD
191.39,6.5,0.0599,0,GOOD
258.77,6.86,0.0473,0,GOOD
110.44,6.79,0.572,1,MEDIUM
237.76,6.76,0.0533,0,GOOD
220.75,6.58,0.0157,0,GOOD
242.99,6.77,0.0446,0,GOOD
278.98,6.95,0.0418,0,GOOD
258.01,6.79,0.003,0,GOOD
170.92,6.37,0.0532,0,GOOD
150.61,6.12,0.0443,0,GOOD
120.43,5.93,0.0161,0,GOOD
69.39,5.57,0.1405,0,GOOD
61.98,5.37,0.0144,0,GOOD
30.98,4.99,0.1308,0,GOOD
32.65,4.83,0.0683,0,GOOD
42.97,4.72,0.3776,0,GOOD
12.38,4.51,0.079,0,GOOD
10.72,4.05,0.1057,0,GOOD
1.71,3.69,0.0033,0,GOOD
0.87,3.52,0.0045,0,GOOD
-1.55,3.28,0.0331,0,GOOD
-5.0,2.71,0.1,0,GOOD
3.35,2.62,0.067,0,GOOD
-2.89,2.39,0.0577,0,GOOD
-5.0,2.05,0.1,0,GOOD
10.14,1.93,0.2028,0,GOOD
0.99,1.61,0.0198,0,GOOD
-2.28,1.28,0.0456,0,GOOD
13.4,1.08,0.268,0,GOOD
-5.0,1.06,0.1,0,GOOD
12.73,1.01,0.2546,0,GOOD
-5.0,0.81,0.1,0,GOOD
2.12,1.03,0.0423,0,GOOD
-5.0,0.86,0.1,0,GOOD
-5.0,0.95,0.1,0,GOOD
13.14,0.91,0.2628,0,GOOD
18.56,0.96,0.3712,0,GOOD
-2.21,1.0,0.0442,0,GOOD
3.35,1.0,0.0671,0,GOOD
0.57,1.03,0.0114,0,GOOD
17.31,1.15,0.3461,0,GOOD
-5.0,0.85,0.1,0,GOOD
3.77,1.03,0.0754,0,GOOD
-5.0,1.02,0.1,0,GOOD
-5.0,0.74,0.1,0,GOOD
-3.61,1.06,0.0721,0,GOOD
18.48,1.07,0.3696,0,GOOD
-5.0,1.11,0.1,0,GOOD
7.91,1.03,0.1582,0,GOOD
11.99,1.14,0.2397,0,GOOD
-0.13,0.94,0.0025,0,GOOD
1.2,1.14,0.0241,0,GOOD
-5.0,0.96,0.1,0,GOOD
-5.0,1.02,0.1,0,GOOD
9.07,1.07,0.1814,0,GOOD
0.61,1.02,0.0121,0,GOOD
3.67,1.17,0.0735,0,GOOD
1.33,0.99,0.0266,0,GOOD
21.92,1.04,0.4384,0,GOOD
-4.31,1.0,0.0861,0,GOOD
16.05,1.11,0.3211,0,GOOD
1.34,0.94,0.0267,0,GOOD
16.94,1.18,0.3388,0,GOOD
-5.0,0.92,0.1,0,GOOD
1.85,1.15,0.0369,0,GOOD
-3.94,0.88,0.0787,0,GOOD
